match_id,league,season,datetime,home_team,away_team,home_goals,away_goals,home_xg,away_xg
31180,EPL,2026,2026-08-21 19:00:00,Arsenal,Coventry,3,0,1.85424,0.558336
31181,EPL,2026,2026-08-22 11:30:00,Hull,Manchester United,2,0,1.49627,1.77874
31182,EPL,2026,2026-08-22 14:00:00,Everton,Crystal Palace,2,0,1.45085,2.23095
31183,EPL,2026,2026-08-22 14:00:00,Ipswich,Sunderland,2,1,1.58452,1.17743
31184,EPL,2026,2026-08-22 14:00:00,Nottingham Forest,Leeds,0,1,0.656681,0.466247
31185,EPL,2026,2026-08-22 16:30:00,Brentford,Tottenham,3,0,4.04155,0.756284
31186,EPL,2026,2026-08-23 13:00:00,Brighton,Aston Villa,4,0,4.00327,0.275249
31187,EPL,2026,2026-08-23 13:00:00,Manchester City,Bournemouth,2,1,2.47444,0.707541
31188,EPL,2026,2026-08-23 15:30:00,Newcastle United,Liverpool,2,2,1.59465,3.13133
31189,EPL,2026,2026-08-24 19:00:00,Fulham,Chelsea,2,3,1.41707,2.58384
31190,EPL,2026,2026-08-28 19:00:00,Crystal Palace,Manchester City,1,4,0.926624,2.56662
31191,EPL,2026,2026-08-29 11:30:00,Liverpool,Nottingham Forest,2,2,1.27921,2.87937
31192,EPL,2026,2026-08-29 14:00:00,Coventry,Hull,0,1,1.18233,0.459726
31193,EPL,2026,2026-08-29 14:00:00,Bournemouth,Everton,1,1,2.25803,1.66352
31194,EPL,2026,2026-08-29 16:30:00,Tottenham,Newcastle United,0,2,1.12037,1.00952
31195,EPL,2026,2026-08-30 13:00:00,Sunderland,Fulham,1,0,1.56229,1.02405
31196,EPL,2026,2026-08-30 13:00:00,Chelsea,Brighton,4,3,3.8289,1.79173
31197,EPL,2026,2026-08-30 13:00:00,Leeds,Brentford,1,1,1.14993,1.61344
31198,EPL,2026,2026-08-30 15:30:00,Manchester United,Ipswich,5,2,4.86612,1.80548
31199,EPL,2026,2026-08-31 19:00:00,Aston Villa,Arsenal,0,1,0.281925,1.52441
31200,EPL,2026,2026-09-04 19:00:00,Ipswich,Liverpool,0,2,0.597972,0.744139
31201,EPL,2026,2026-09-05 11:30:00,Newcastle United,Bournemouth,2,2,0.771636,1.63891
31202,EPL,2026,2026-09-05 14:00:00,Manchester City,Coventry,1,0,2.19038,1.49306
31203,EPL,2026,2026-09-05 14:00:00,Nottingham Forest,Tottenham,0,0,0.831692,1.48446
31204,EPL,2026,2026-09-05 14:00:00,Fulham,Crystal Palace,2,3,2.88274,2.35981
31205,EPL,2026,2026-09-05 14:00:00,Brentford,Sunderland,1,1,1.58584,2.15489
31206,EPL,2026,2026-09-05 14:00:00,Brighton,Leeds,1,1,2.22026,2.23407
31207,EPL,2026,2026-09-05 16:30:00,Hull,Aston Villa,0,0,0.812385,1.63526
31208,EPL,2026,2026-09-06 13:00:00,Everton,Manchester United,2,2,1.05629,0.872225
31209,EPL,2026,2026-09-06 15:30:00,Arsenal,Chelsea,2,1,2.80555,0.430508
31210,EPL,2026,2026-09-12 14:00:00,Bournemouth,Brentford,2,2,2.54949,0.794238
31211,EPL,2026,2026-09-12 14:00:00,Aston Villa,Nottingham Forest,1,2,1.08786,2.79451
31212,EPL,2026,2026-09-12 14:00:00,Chelsea,Hull,2,2,1.21374,1.80363
31213,EPL,2026,2026-09-12 14:00:00,Crystal Palace,Ipswich,2,3,0.937888,2.03423
31214,EPL,2026,2026-09-12 14:00:00,Liverpool,Fulham,0,0,1.79832,0.922453
31215,EPL,2026,2026-09-12 16:30:00,Tottenham,Everton,0,0,0.736856,1.60056
31216,EPL,2026,2026-09-12 19:00:00,Sunderland,Arsenal,0,2,2.07033,1.98905
31217,EPL,2026,2026-09-13 13:00:00,Coventry,Brighton,0,5,1.04812,2.76518
31218,EPL,2026,2026-09-13 15:30:00,Manchester United,Manchester City,0,1,0.943406,1.14073
31219,EPL,2026,2026-09-14 19:00:00,Leeds,Newcastle United,4,1,2.2902,0.793165
31220,EPL,2026,2026-09-18 19:00:00,Brentford,Chelsea,3,0,2.47935,0.885111
31221,EPL,2026,2026-09-19 11:30:00,Tottenham,Aston Villa,2,3,1.72177,1.7092
31223,EPL,2026,2026-09-19 14:00:00,Newcastle United,Hull,2,1,1.37521,1.15888
31224,EPL,2026,2026-09-19 14:00:00,Brighton,Arsenal,3,0,2.11268,1.23979
31226,EPL,2026,2026-09-19 14:00:00,Everton,Ipswich,1,0,2.58285,1.10179
31227,EPL,2026,2026-09-19 16:30:00,Nottingham Forest,Coventry,0,1,1.31852,0.69375
31222,EPL,2026,2026-09-20 13:00:00,Manchester City,Sunderland,5,3,2.66856,3.10661
31225,EPL,2026,2026-09-20 13:00:00,Leeds,Crystal Palace,0,0,1.08552,1.12905
31228,EPL,2026,2026-09-20 13:00:00,Bournemouth,Liverpool,0,1,0.944706,1.29116
31229,EPL,2026,2026-09-20 15:30:00,Fulham,Manchester United,1,1,1.71719,2.12453
30770,La_liga,2026,2026-08-15 17:30:00,Alaves,Getafe,3,0,2.28581,0.259705
30771,La_liga,2026,2026-08-15 19:30:00,Sevilla,Rayo Vallecano,2,1,2.01841,1.91219
30772,La_liga,2026,2026-08-16 15:00:00,Racing Santander,Villarreal,2,2,1.96477,0.768799
30773,La_liga,2026,2026-08-16 17:00:00,Espanyol,Levante,3,0,2.0099,0.196262
30774,La_liga,2026,2026-08-17 19:00:00,Deportivo La Coruna,Elche,1,1,0.33987,1.58691
30775,La_liga,2026,2026-08-19 19:00:00,Atletico Madrid,Malaga,2,0,1.34391,0.229576
30776,La_liga,2026,2026-08-20 19:00:00,Rayo Vallecano,Alaves,1,1,0.566429,2.22075
30777,La_liga,2026,2026-08-21 19:00:00,Real Betis,Real Sociedad,1,0,1.69571,1.14003
30778,La_liga,2026,2026-08-22 15:00:00,Athletic Club,Sevilla,1,3,1.46496,0.966795
30779,La_liga,2026,2026-08-22 17:30:00,Valencia,Celta Vigo,0,0,0.420581,0.537309
30780,La_liga,2026,2026-08-22 19:30:00,Espanyol,Real Madrid,1,2,1.01908,2.56122
30781,La_liga,2026,2026-08-23 15:00:00,Atletico Madrid,Villarreal,2,2,0.739413,3.54183
30782,La_liga,2026,2026-08-23 17:30:00,Getafe,Racing Santander,1,0,0.982608,1.1679
30783,La_liga,2026,2026-08-23 19:30:00,Elche,Barcelona,0,5,1.17646,4.25182
30784,La_liga,2026,2026-08-24 17:30:00,Osasuna,Levante,0,0,0.892536,1.27031
30785,La_liga,2026,2026-08-24 19:30:00,Malaga,Deportivo La Coruna,1,1,1.35649,1.1297
30786,La_liga,2026,2026-08-25 19:00:00,Valencia,Real Betis,0,1,1.28989,0.964495
30787,La_liga,2026,2026-08-26 19:00:00,Real Madrid,Real Sociedad,4,1,3.30519,0.462997
30788,La_liga,2026,2026-08-27 18:30:00,Celta Vigo,Osasuna,1,2,0.106731,1.89653
30789,La_liga,2026,2026-08-27 19:00:00,Barcelona,Athletic Club,2,0,3.9166,0.221962
30790,La_liga,2026,2026-08-28 17:00:00,Racing Santander,Elche,3,2,2.56226,1.07551
30791,La_liga,2026,2026-08-28 19:30:00,Alaves,Villarreal,1,0,0.915469,1.45107
30792,La_liga,2026,2026-08-29 15:00:00,Levante,Real Betis,5,2,3.0376,1.92286
30793,La_liga,2026,2026-08-29 17:00:00,Real Sociedad,Espanyol,2,1,2.91657,0.929949
30794,La_liga,2026,2026-08-29 19:30:00,Sevilla,Atletico Madrid,1,3,1.08053,1.47677
30795,La_liga,2026,2026-08-30 15:00:00,Real Madrid,Malaga,4,0,3.40784,0.760169
30796,La_liga,2026,2026-08-30 17:30:00,Deportivo La Coruna,Valencia,3,1,1.40751,1.01663
30797,La_liga,2026,2026-08-30 19:30:00,Celta Vigo,Athletic Club,0,2,1.20059,3.13299
30798,La_liga,2026,2026-08-31 17:30:00,Osasuna,Getafe,1,0,1.70503,1.09043
30799,La_liga,2026,2026-08-31 19:30:00,Barcelona,Rayo Vallecano,5,2,2.9576,1.06614
30800,La_liga,2026,2026-09-03 19:00:00,Real Sociedad,Celta Vigo,0,0,1.02047,0.633241
30801,La_liga,2026,2026-09-04 19:00:00,Real Betis,Real Madrid,1,0,0.885249,3.38283
30802,La_liga,2026,2026-09-05 14:15:00,Athletic Club,Atletico Madrid,3,0,1.87212,0.752183
30803,La_liga,2026,2026-09-05 16:30:00,Rayo Vallecano,Racing Santander,3,2,1.18959,0.632853
30804,La_liga,2026,2026-09-05 19:00:00,Villarreal,Deportivo La Coruna,2,3,3.64239,2.44247
30805,La_liga,2026,2026-09-06 14:15:00,Valencia,Barcelona,0,5,0.518846,4.76916
30806,La_liga,2026,2026-09-06 16:30:00,Malaga,Levante,0,0,1.72661,1.19172
30807,La_liga,2026,2026-09-06 16:30:00,Alaves,Osasuna,5,2,1.60188,1.64406
30808,La_liga,2026,2026-09-06 19:00:00,Espanyol,Sevilla,1,1,1.81745,0.372572
30809,La_liga,2026,2026-09-07 17:00:00,Getafe,Celta Vigo,1,1,1.45841,1.42122
30810,La_liga,2026,2026-09-07 19:30:00,Elche,Real Sociedad,2,3,2.87045,0.876198
30818,La_liga,2026,2026-09-11 19:00:00,Sevilla,Valencia,1,0,1.35505,0.0798948
30815,La_liga,2026,2026-09-12 12:00:00,Racing Santander,Alaves,2,1,1.38389,2.27148
30820,La_liga,2026,2026-09-12 14:15:00,Osasuna,Espanyol,0,2,1.10365,1.40951
30812,La_liga,2026,2026-09-12 16:30:00,Athletic Club,Elche,1,1,3.13039,0.816135
30816,La_liga,2026,2026-09-12 19:00:00,Real Madrid,Rayo Vallecano,4,1,3.12156,1.19257
30811,La_liga,2026,2026-09-13 12:00:00,Celta Vigo,Malaga,1,1,1.48145,0.548065
30814,La_liga,2026,2026-09-13 14:15:00,Levante,Barcelona,2,4,2.67442,2.46861
30813,La_liga,2026,2026-09-13 16:30:00,Getafe,Deportivo La Coruna,1,1,0.994787,0.944884
30817,La_liga,2026,2026-09-13 19:00:00,Real Sociedad,Atletico Madrid,0,3,0.607518,1.83411
30819,La_liga,2026,2026-09-14 19:00:00,Villarreal,Real Betis,1,2,1.67293,4.07311
30829,La_liga,2026,2026-09-15 17:00:00,Rayo Vallecano,Espanyol,2,1,1.8328,1.1573
30821,La_liga,2026,2026-09-15 18:00:00,Alaves,Valencia,0,1,1.30957,0.83949
30825,La_liga,2026,2026-09-15 19:30:00,Elche,Real Madrid,2,3,1.05222,3.46121
30822,La_liga,2026,2026-09-16 17:00:00,Atletico Madrid,Osasuna,4,0,5.14269,0.717926
30824,La_liga,2026,2026-09-16 17:00:00,Deportivo La Coruna,Sevilla,0,1,0.192171,0.853244
30826,La_liga,2026,2026-09-16 19:30:00,Barcelona,Racing Santander,7,2,7.47528,1.38402
30823,La_liga,2026,2026-09-17 17:00:00,Real Betis,Getafe,1,0,2.60912,0.327032
30828,La_liga,2026,2026-09-17 19:30:00,Malaga,Villarreal,1,3,0.361392,4.2474
30834,La_liga,2026,2026-09-18 19:00:00,Espanyol,Elche,1,3,1.07744,1.25113
30836,La_liga,2026,2026-09-19 12:00:00,Osasuna,Rayo Vallecano,1,1,0.926414,1.35649
30830,La_liga,2026,2026-09-19 14:15:00,Athletic Club,Alaves,0,0,1.46153,0.0461634
30832,La_liga,2026,2026-09-19 16:30:00,Celta Vigo,Racing Santander,5,0,2.2295,0.719901
30837,La_liga,2026,2026-09-19 19:00:00,Sevilla,Barcelona,1,3,0.758355,3.56261
30835,La_liga,2026,2026-09-20 12:00:00,Getafe,Malaga,1,0,1.18796,0.660498
30831,La_liga,2026,2026-09-20 14:15:00,Atletico Madrid,Real Madrid,2,1,2.40619,0.420774
30833,La_liga,2026,2026-09-20 16:30:00,Deportivo La Coruna,Real Betis,1,1,1.93872,1.00253
30839,La_liga,2026,2026-09-20 16:30:00,Villarreal,Levante,3,1,4.28569,0.941792
30838,La_liga,2026,2026-09-20 19:00:00,Valencia,Real Sociedad,2,3,1.52762,2.33411
31560,Serie_A,2026,2026-08-22 16:30:00,Inter,Monza,4,1,1.5385,1.21666
31561,Serie_A,2026,2026-08-22 16:30:00,Udinese,Como,1,1,2.12071,2.38585
31562,Serie_A,2026,2026-08-22 18:45:00,Parma Calcio 1913,Cagliari,0,1,1.02972,1.2574
31563,Serie_A,2026,2026-08-22 18:45:00,Genoa,Napoli,0,2,0.500846,1.15739
31564,Serie_A,2026,2026-08-23 16:30:00,Frosinone,Juventus,0,1,0.365497,2.61714
31565,Serie_A,2026,2026-08-23 16:30:00,Venezia,Lecce,0,2,3.19474,2.45246
31566,Serie_A,2026,2026-08-23 18:45:00,Torino,AC Milan,1,2,1.13035,1.74146
31567,Serie_A,2026,2026-08-23 18:45:00,Atalanta,Sassuolo,2,1,0.922815,2.70103
31568,Serie_A,2026,2026-08-24 16:30:00,Bologna,Lazio,0,1,2.0643,0.805148
31569,Serie_A,2026,2026-08-24 18:45:00,Roma,Fiorentina,4,0,3.77522,0.287976
31570,Serie_A,2026,2026-08-28 18:45:00,AC Milan,Venezia,2,0,3.21774,0.521597
31571,Serie_A,2026,2026-08-29 16:30:00,Monza,Udinese,2,3,1.89797,1.02273
31572,Serie_A,2026,2026-08-29 16:30:00,Sassuolo,Torino,2,1,1.54523,1.50213
31573,Serie_A,2026,2026-08-29 16:30:00,Fiorentina,Frosinone,0,3,1.8162,1.95272
31574,Serie_A,2026,2026-08-29 18:45:00,Juventus,Parma Calcio 1913,2,0,1.82242,0.200754
31575,Serie_A,2026,2026-08-30 16:30:00,Napoli,Como,1,2,1.03232,1.0975
31576,Serie_A,2026,2026-08-30 18:45:00,Cagliari,Inter,0,1,0.323326,3.97224
31577,Serie_A,2026,2026-08-30 18:45:00,Lazio,Genoa,1,0,2.11324,0.743486
31578,Serie_A,2026,2026-08-31 16:30:00,Lecce,Roma,0,4,1.20256,4.13617
31579,Serie_A,2026,2026-08-31 18:45:00,Atalanta,Bologna,1,0,0.176344,1.23523
31580,Serie_A,2026,2026-09-04 18:45:00,Genoa,Como,1,4,0.920577,2.00713
31581,Serie_A,2026,2026-09-05 13:00:00,Fiorentina,Torino,1,2,1.35877,0.771751
31582,Serie_A,2026,2026-09-05 16:00:00,Inter,Napoli,3,2,3.7848,2.32276
31583,Serie_A,2026,2026-09-05 18:45:00,Roma,Atalanta,2,1,3.54086,0.772123
31584,Serie_A,2026,2026-09-06 13:00:00,Frosinone,Venezia,3,2,1.78975,2.43691
31585,Serie_A,2026,2026-09-06 13:00:00,Parma Calcio 1913,Monza,1,1,0.622609,2.10415
31586,Serie_A,2026,2026-09-06 16:00:00,Bologna,Sassuolo,2,2,3.00787,1.8411
31587,Serie_A,2026,2026-09-06 18:45:00,Juventus,AC Milan,1,1,1.69177,0.0949898
31588,Serie_A,2026,2026-09-07 16:30:00,Cagliari,Lecce,1,0,1.92177,0.445912
31589,Serie_A,2026,2026-09-07 18:45:00,Udinese,Lazio,1,2,0.797693,1.97943
31590,Serie_A,2026,2026-09-11 18:45:00,Venezia,Fiorentina,2,4,1.03183,3.12987
31591,Serie_A,2026,2026-09-12 13:00:00,Genoa,Frosinone,1,1,1.84249,1.74599
31598,Serie_A,2026,2026-09-12 16:00:00,Lazio,AC Milan,2,2,2.363,2.15792
31593,Serie_A,2026,2026-09-12 18:45:00,Atalanta,Cagliari,1,2,1.47514,1.30851
31595,Serie_A,2026,2026-09-13 13:00:00,Lecce,Monza,3,2,1.94577,3.08533
31597,Serie_A,2026,2026-09-13 16:00:00,Napoli,Bologna,1,0,2.24885,0.16597
31592,Serie_A,2026,2026-09-13 18:45:00,Sassuolo,Juventus,3,2,0.956092,1.1844
31594,Serie_A,2026,2026-09-14 16:30:00,Torino,Roma,0,2,0.706935,2.33311
31596,Serie_A,2026,2026-09-14 16:30:00,Como,Parma Calcio 1913,2,1,3.7711,1.55017
31599,Serie_A,2026,2026-09-14 18:45:00,Inter,Udinese,5,3,3.68526,1.29442
31600,Serie_A,2026,2026-09-18 18:45:00,Monza,Sassuolo,2,1,1.6104,2.27094
31601,Serie_A,2026,2026-09-19 13:00:00,Udinese,Cagliari,0,1,1.8486,0.636351
31602,Serie_A,2026,2026-09-19 13:00:00,Bologna,Torino,1,1,0.699269,0.958071
31603,Serie_A,2026,2026-09-19 16:00:00,Roma,Inter,2,2,2.31246,2.58716
31604,Serie_A,2026,2026-09-19 18:45:00,Venezia,Lazio,0,2,1.84911,1.7718
31605,Serie_A,2026,2026-09-20 10:30:00,Fiorentina,Napoli,1,1,1.06168,2.13022
31606,Serie_A,2026,2026-09-20 13:00:00,Frosinone,Como,2,0,2.26034,2.28858
31607,Serie_A,2026,2026-09-20 13:00:00,Parma Calcio 1913,Genoa,2,1,0.860604,0.86391
31608,Serie_A,2026,2026-09-20 16:00:00,Juventus,Atalanta,2,0,1.91682,0.489173
31609,Serie_A,2026,2026-09-20 18:45:00,AC Milan,Lecce,3,0,2.47529,0.217933
32247,Bundesliga,2026,2026-08-28 18:30:00,Bayern Munich,VfB Stuttgart,5,1,4.07897,1.24951
32248,Bundesliga,2026,2026-08-29 13:30:00,Union Berlin,Eintracht Frankfurt,3,3,2.28332,2.1189
32249,Bundesliga,2026,2026-08-29 13:30:00,FC Cologne,Hoffenheim,3,2,2.31412,1.92317
32250,Bundesliga,2026,2026-08-29 13:30:00,RasenBallsport Leipzig,Borussia M.Gladbach,3,0,3.76496,1.23375
32251,Bundesliga,2026,2026-08-29 13:30:00,Mainz 05,Paderborn,0,0,1.54945,0.691131
32758,Bundesliga,2026,2026-08-29 13:30:00,Elversberg,Bayer Leverkusen,3,2,1.40032,2.61527
32252,Bundesliga,2026,2026-08-29 16:30:00,Borussia Dortmund,Hamburger SV,2,0,1.31287,1.10643
32253,Bundesliga,2026,2026-08-30 13:30:00,Freiburg,Werder Bremen,4,1,2.38503,0.948636
32254,Bundesliga,2026,2026-08-30 15:30:00,Augsburg,Schalke 04,3,0,5.53649,1.83691
32255,Bundesliga,2026,2026-09-04 18:30:00,VfB Stuttgart,FC Cologne,4,1,3.5224,2.85818
32256,Bundesliga,2026,2026-09-05 13:30:00,Werder Bremen,RasenBallsport Leipzig,3,1,0.854137,1.58161
32257,Bundesliga,2026,2026-09-05 13:30:00,Bayer Leverkusen,Union Berlin,4,0,3.39215,0.249852
32258,Bundesliga,2026,2026-09-05 13:30:00,Hoffenheim,Borussia Dortmund,2,3,2.16627,2.02481
32259,Bundesliga,2026,2026-09-05 13:30:00,Paderborn,Freiburg,0,1,0.733133,1.1716
32759,Bundesliga,2026,2026-09-05 13:30:00,Borussia M.Gladbach,Elversberg,3,4,2.88776,3.03199
32260,Bundesliga,2026,2026-09-05 16:30:00,Schalke 04,Bayern Munich,0,0,0.25073,2.0536
32261,Bundesliga,2026,2026-09-06 13:30:00,Hamburger SV,Mainz 05,0,5,0.257239,3.27983
32262,Bundesliga,2026,2026-09-06 15:30:00,Eintracht Frankfurt,Augsburg,1,4,2.51037,1.44545
32263,Bundesliga,2026,2026-09-11 18:30:00,Union Berlin,Schalke 04,1,3,1.91756,3.21809
32264,Bundesliga,2026,2026-09-12 13:30:00,Freiburg,Borussia M.Gladbach,5,0,2.1488,0.268308
32265,Bundesliga,2026,2026-09-12 13:30:00,Hoffenheim,VfB Stuttgart,2,1,2.95745,2.66977
32266,Bundesliga,2026,2026-09-12 13:30:00,Mainz 05,Eintracht Frankfurt,1,3,2.24195,2.15926
32267,Bundesliga,2026,2026-09-12 13:30:00,Augsburg,Bayer Leverkusen,2,2,0.842513,1.88606
32268,Bundesliga,2026,2026-09-12 13:30:00,Borussia Dortmund,Paderborn,3,0,3.14526,0.311097
32269,Bundesliga,2026,2026-09-12 16:30:00,FC Cologne,Werder Bremen,1,1,1.61333,1.18178
32270,Bundesliga,2026,2026-09-13 13:30:00,RasenBallsport Leipzig,Hamburger SV,5,0,2.4682,0.508374
32760,Bundesliga,2026,2026-09-13 15:30:00,Elversberg,Bayern Munich,1,2,1.02972,3.06035
32271,Bundesliga,2026,2026-09-18 18:30:00,Bayern Munich,Union Berlin,7,0,4.1308,0.471553
32272,Bundesliga,2026,2026-09-19 13:30:00,Borussia M.Gladbach,Mainz 05,3,4,3.0902,3.46968
32273,Bundesliga,2026,2026-09-19 13:30:00,Eintracht Frankfurt,Freiburg,2,2,2.08323,2.93158
32274,Bundesliga,2026,2026-09-19 13:30:00,Hamburger SV,FC Cologne,2,1,2.07655,2.15949
32275,Bundesliga,2026,2026-09-19 13:30:00,Werder Bremen,Augsburg,3,2,2.30122,0.742238
32276,Bundesliga,2026,2026-09-19 16:30:00,VfB Stuttgart,Borussia Dortmund,0,1,0.666049,2.11223
32277,Bundesliga,2026,2026-09-20 13:30:00,Bayer Leverkusen,RasenBallsport Leipzig,2,0,2.54515,0.929998
32761,Bundesliga,2026,2026-09-20 15:30:00,Schalke 04,Elversberg,0,0,1.26962,0.795372
32278,Bundesliga,2026,2026-09-20 17:30:00,Paderborn,Hoffenheim,3,1,1.34065,1.67256
