match_id,league,date,home_team,away_team
31230,EPL,2026-10-10 11:30:00,Arsenal,Leeds
31231,EPL,2026-10-10 14:00:00,Aston Villa,Brentford
31232,EPL,2026-10-10 14:00:00,Chelsea,Bournemouth
31233,EPL,2026-10-10 14:00:00,Ipswich,Fulham
31234,EPL,2026-10-10 14:00:00,Sunderland,Brighton
31235,EPL,2026-10-10 16:30:00,Manchester United,Tottenham
31236,EPL,2026-10-11 13:00:00,Crystal Palace,Nottingham Forest
31237,EPL,2026-10-11 13:00:00,Hull,Everton
31238,EPL,2026-10-11 15:30:00,Liverpool,Manchester City
31239,EPL,2026-10-12 19:00:00,Coventry,Newcastle United
31240,EPL,2026-10-17 11:30:00,Everton,Chelsea
31241,EPL,2026-10-17 14:00:00,Fulham,Hull
31242,EPL,2026-10-17 14:00:00,Brentford,Liverpool
31243,EPL,2026-10-17 14:00:00,Manchester City,Ipswich
31244,EPL,2026-10-17 16:30:00,Newcastle United,Aston Villa
31245,EPL,2026-10-18 13:00:00,Brighton,Crystal Palace
31246,EPL,2026-10-18 13:00:00,Bournemouth,Sunderland
31247,EPL,2026-10-18 13:00:00,Leeds,Manchester United
31248,EPL,2026-10-18 15:30:00,Nottingham Forest,Arsenal
31249,EPL,2026-10-19 19:00:00,Tottenham,Coventry
31250,EPL,2026-10-23 19:00:00,Ipswich,Nottingham Forest
31251,EPL,2026-10-24 11:30:00,Aston Villa,Manchester City
31252,EPL,2026-10-24 14:00:00,Liverpool,Brighton
31253,EPL,2026-10-24 14:00:00,Coventry,Fulham
31254,EPL,2026-10-24 14:00:00,Arsenal,Everton
31255,EPL,2026-10-24 16:30:00,Chelsea,Tottenham
31256,EPL,2026-10-25 14:00:00,Manchester United,Bournemouth
31257,EPL,2026-10-25 14:00:00,Crystal Palace,Newcastle United
31258,EPL,2026-10-25 14:00:00,Hull,Brentford
31259,EPL,2026-10-25 16:30:00,Sunderland,Leeds
31260,EPL,2026-10-31 12:30:00,Chelsea,Manchester United
31261,EPL,2026-10-31 15:00:00,Coventry,Sunderland
31262,EPL,2026-10-31 15:00:00,Hull,Ipswich
31263,EPL,2026-10-31 15:00:00,Manchester City,Brighton
31264,EPL,2026-10-31 15:00:00,Bournemouth,Leeds
31265,EPL,2026-10-31 15:00:00,Brentford,Nottingham Forest
31266,EPL,2026-10-31 17:30:00,Tottenham,Crystal Palace
31267,EPL,2026-11-01 14:00:00,Aston Villa,Fulham
31268,EPL,2026-11-01 16:30:00,Liverpool,Arsenal
31269,EPL,2026-11-02 20:00:00,Newcastle United,Everton
31270,EPL,2026-11-07 15:00:00,Arsenal,Hull
31271,EPL,2026-11-07 15:00:00,Brighton,Brentford
31272,EPL,2026-11-07 15:00:00,Crystal Palace,Liverpool
31273,EPL,2026-11-07 15:00:00,Everton,Coventry
31274,EPL,2026-11-07 15:00:00,Fulham,Newcastle United
31275,EPL,2026-11-07 15:00:00,Ipswich,Bournemouth
31276,EPL,2026-11-07 15:00:00,Leeds,Tottenham
31277,EPL,2026-11-07 15:00:00,Manchester United,Aston Villa
31278,EPL,2026-11-07 15:00:00,Nottingham Forest,Manchester City
31279,EPL,2026-11-07 15:00:00,Sunderland,Chelsea
31280,EPL,2026-11-21 15:00:00,Bournemouth,Nottingham Forest
31281,EPL,2026-11-21 15:00:00,Aston Villa,Sunderland
31282,EPL,2026-11-21 15:00:00,Brentford,Everton
31283,EPL,2026-11-21 15:00:00,Chelsea,Leeds
31284,EPL,2026-11-21 15:00:00,Coventry,Crystal Palace
31285,EPL,2026-11-21 15:00:00,Hull,Brighton
31286,EPL,2026-11-21 15:00:00,Liverpool,Manchester United
31287,EPL,2026-11-21 15:00:00,Manchester City,Fulham
31288,EPL,2026-11-21 15:00:00,Newcastle United,Arsenal
31289,EPL,2026-11-21 15:00:00,Tottenham,Ipswich
31290,EPL,2026-11-28 15:00:00,Arsenal,Manchester City
31291,EPL,2026-11-28 15:00:00,Brighton,Newcastle United
31292,EPL,2026-11-28 15:00:00,Crystal Palace,Hull
31293,EPL,2026-11-28 15:00:00,Everton,Liverpool
31294,EPL,2026-11-28 15:00:00,Fulham,Bournemouth
31295,EPL,2026-11-28 15:00:00,Ipswich,Aston Villa
31296,EPL,2026-11-28 15:00:00,Leeds,Coventry
31297,EPL,2026-11-28 15:00:00,Manchester United,Brentford
31298,EPL,2026-11-28 15:00:00,Nottingham Forest,Chelsea
31299,EPL,2026-11-28 15:00:00,Sunderland,Tottenham
31300,EPL,2026-12-02 20:00:00,Bournemouth,Brighton
31301,EPL,2026-12-02 20:00:00,Aston Villa,Everton
31302,EPL,2026-12-02 20:00:00,Brentford,Arsenal
31303,EPL,2026-12-02 20:00:00,Chelsea,Crystal Palace
31304,EPL,2026-12-02 20:00:00,Coventry,Ipswich
31305,EPL,2026-12-02 20:00:00,Hull,Nottingham Forest
31306,EPL,2026-12-02 20:00:00,Liverpool,Sunderland
31307,EPL,2026-12-02 20:00:00,Manchester City,Leeds
31308,EPL,2026-12-02 20:00:00,Newcastle United,Manchester United
31309,EPL,2026-12-02 20:00:00,Tottenham,Fulham
31310,EPL,2026-12-05 15:00:00,Bournemouth,Hull
31311,EPL,2026-12-05 15:00:00,Aston Villa,Crystal Palace
31312,EPL,2026-12-05 15:00:00,Nottingham Forest,Brighton
31313,EPL,2026-12-05 15:00:00,Tottenham,Arsenal
31314,EPL,2026-12-05 15:00:00,Brentford,Manchester City
31315,EPL,2026-12-05 15:00:00,Chelsea,Liverpool
31316,EPL,2026-12-05 15:00:00,Everton,Fulham
31317,EPL,2026-12-05 15:00:00,Manchester United,Coventry
31318,EPL,2026-12-05 15:00:00,Leeds,Ipswich
31319,EPL,2026-12-05 15:00:00,Newcastle United,Sunderland
31320,EPL,2026-12-12 15:00:00,Arsenal,Bournemouth
31321,EPL,2026-12-12 15:00:00,Brighton,Everton
31322,EPL,2026-12-12 15:00:00,Coventry,Aston Villa
31323,EPL,2026-12-12 15:00:00,Crystal Palace,Manchester United
31324,EPL,2026-12-12 15:00:00,Sunderland,Nottingham Forest
31325,EPL,2026-12-12 15:00:00,Fulham,Brentford
31326,EPL,2026-12-12 15:00:00,Hull,Tottenham
31327,EPL,2026-12-12 15:00:00,Ipswich,Newcastle United
31328,EPL,2026-12-12 15:00:00,Liverpool,Leeds
31329,EPL,2026-12-12 15:00:00,Manchester City,Chelsea
31330,EPL,2026-12-19 15:00:00,Bournemouth,Coventry
31331,EPL,2026-12-19 15:00:00,Arsenal,Manchester United
31332,EPL,2026-12-19 15:00:00,Brentford,Newcastle United
31333,EPL,2026-12-19 15:00:00,Brighton,Ipswich
31334,EPL,2026-12-19 15:00:00,Chelsea,Aston Villa
31335,EPL,2026-12-19 15:00:00,Leeds,Fulham
31336,EPL,2026-12-19 15:00:00,Liverpool,Tottenham
31337,EPL,2026-12-19 15:00:00,Manchester City,Hull
31338,EPL,2026-12-19 15:00:00,Nottingham Forest,Everton
31339,EPL,2026-12-19 15:00:00,Sunderland,Crystal Palace
31340,EPL,2026-12-26 15:00:00,Aston Villa,Leeds
31341,EPL,2026-12-26 15:00:00,Coventry,Chelsea
31342,EPL,2026-12-26 15:00:00,Crystal Palace,Arsenal
31343,EPL,2026-12-26 15:00:00,Everton,Sunderland
31344,EPL,2026-12-26 15:00:00,Fulham,Brighton
31345,EPL,2026-12-26 15:00:00,Ipswich,Brentford
31346,EPL,2026-12-26 15:00:00,Manchester United,Nottingham Forest
31347,EPL,2026-12-26 15:00:00,Newcastle United,Manchester City
31348,EPL,2026-12-26 15:00:00,Tottenham,Bournemouth
31349,EPL,2026-12-26 15:00:00,Hull,Liverpool
31350,EPL,2026-12-30 20:00:00,Aston Villa,Liverpool
31351,EPL,2026-12-30 20:00:00,Coventry,Brentford
31352,EPL,2026-12-30 20:00:00,Crystal Palace,Bournemouth
31353,EPL,2026-12-30 20:00:00,Fulham,Arsenal
31354,EPL,2026-12-30 20:00:00,Tottenham,Brighton
31355,EPL,2026-12-30 20:00:00,Newcastle United,Nottingham Forest
31356,EPL,2026-12-30 20:00:00,Manchester United,Sunderland
31357,EPL,2026-12-30 20:00:00,Ipswich,Chelsea
31358,EPL,2026-12-30 20:00:00,Hull,Leeds
31359,EPL,2026-12-30 20:00:00,Everton,Manchester City
31360,EPL,2027-01-02 15:00:00,Bournemouth,Aston Villa
31361,EPL,2027-01-02 15:00:00,Arsenal,Ipswich
31362,EPL,2027-01-02 15:00:00,Brentford,Crystal Palace
31363,EPL,2027-01-02 15:00:00,Brighton,Manchester United
31364,EPL,2027-01-02 15:00:00,Chelsea,Newcastle United
31365,EPL,2027-01-02 15:00:00,Leeds,Everton
31366,EPL,2027-01-02 15:00:00,Liverpool,Coventry
31367,EPL,2027-01-02 15:00:00,Manchester City,Tottenham
31368,EPL,2027-01-02 15:00:00,Sunderland,Hull
31369,EPL,2027-01-02 15:00:00,Nottingham Forest,Fulham
31370,EPL,2027-01-06 20:00:00,Arsenal,Brentford
31371,EPL,2027-01-06 20:00:00,Brighton,Bournemouth
31372,EPL,2027-01-06 20:00:00,Crystal Palace,Chelsea
31373,EPL,2027-01-06 20:00:00,Everton,Aston Villa
31374,EPL,2027-01-06 20:00:00,Fulham,Tottenham
31375,EPL,2027-01-06 20:00:00,Ipswich,Coventry
31376,EPL,2027-01-06 20:00:00,Leeds,Manchester City
31377,EPL,2027-01-06 20:00:00,Manchester United,Newcastle United
31378,EPL,2027-01-06 20:00:00,Nottingham Forest,Hull
31379,EPL,2027-01-06 20:00:00,Sunderland,Liverpool
31380,EPL,2027-01-16 15:00:00,Bournemouth,Ipswich
31381,EPL,2027-01-16 15:00:00,Aston Villa,Manchester United
31382,EPL,2027-01-16 15:00:00,Brentford,Brighton
31383,EPL,2027-01-16 15:00:00,Chelsea,Sunderland
31384,EPL,2027-01-16 15:00:00,Coventry,Everton
31385,EPL,2027-01-16 15:00:00,Hull,Arsenal
31386,EPL,2027-01-16 15:00:00,Liverpool,Crystal Palace
31387,EPL,2027-01-16 15:00:00,Manchester City,Nottingham Forest
31388,EPL,2027-01-16 15:00:00,Newcastle United,Fulham
31389,EPL,2027-01-16 15:00:00,Tottenham,Leeds
31390,EPL,2027-01-23 15:00:00,Arsenal,Newcastle United
31391,EPL,2027-01-23 15:00:00,Brighton,Manchester City
31392,EPL,2027-01-23 15:00:00,Crystal Palace,Tottenham
31393,EPL,2027-01-23 15:00:00,Everton,Brentford
31394,EPL,2027-01-23 15:00:00,Fulham,Aston Villa
31395,EPL,2027-01-23 15:00:00,Ipswich,Hull
31396,EPL,2027-01-23 15:00:00,Leeds,Chelsea
31397,EPL,2027-01-23 15:00:00,Manchester United,Liverpool
31398,EPL,2027-01-23 15:00:00,Nottingham Forest,Bournemouth
31399,EPL,2027-01-23 15:00:00,Sunderland,Coventry
31400,EPL,2027-01-30 15:00:00,Bournemouth,Fulham
31401,EPL,2027-01-30 15:00:00,Newcastle United,Brighton
31402,EPL,2027-01-30 15:00:00,Manchester City,Arsenal
31403,EPL,2027-01-30 15:00:00,Liverpool,Everton
31404,EPL,2027-01-30 15:00:00,Hull,Crystal Palace
31405,EPL,2027-01-30 15:00:00,Coventry,Leeds
31406,EPL,2027-01-30 15:00:00,Chelsea,Nottingham Forest
31407,EPL,2027-01-30 15:00:00,Brentford,Manchester United
31408,EPL,2027-01-30 15:00:00,Aston Villa,Ipswich
31409,EPL,2027-01-30 15:00:00,Tottenham,Sunderland
31410,EPL,2027-02-06 15:00:00,Ipswich,Tottenham
31411,EPL,2027-02-06 15:00:00,Leeds,Bournemouth
31412,EPL,2027-02-06 15:00:00,Manchester United,Chelsea
31413,EPL,2027-02-06 15:00:00,Nottingham Forest,Brentford
31414,EPL,2027-02-06 15:00:00,Sunderland,Aston Villa
31415,EPL,2027-02-06 15:00:00,Arsenal,Liverpool
31416,EPL,2027-02-06 15:00:00,Brighton,Hull
31417,EPL,2027-02-06 15:00:00,Crystal Palace,Coventry
31418,EPL,2027-02-06 15:00:00,Everton,Newcastle United
31419,EPL,2027-02-06 15:00:00,Fulham,Manchester City
31420,EPL,2027-02-10 20:00:00,Aston Villa,Bournemouth
31421,EPL,2027-02-10 20:00:00,Coventry,Liverpool
31422,EPL,2027-02-10 20:00:00,Crystal Palace,Brentford
31423,EPL,2027-02-10 20:00:00,Everton,Leeds
31424,EPL,2027-02-10 20:00:00,Fulham,Nottingham Forest
31425,EPL,2027-02-10 20:00:00,Hull,Sunderland
31426,EPL,2027-02-10 20:00:00,Ipswich,Arsenal
31427,EPL,2027-02-10 20:00:00,Manchester United,Brighton
31428,EPL,2027-02-10 20:00:00,Newcastle United,Chelsea
31429,EPL,2027-02-10 20:00:00,Tottenham,Manchester City
31430,EPL,2027-02-20 15:00:00,Bournemouth,Crystal Palace
31431,EPL,2027-02-20 15:00:00,Arsenal,Fulham
31432,EPL,2027-02-20 15:00:00,Brentford,Coventry
31433,EPL,2027-02-20 15:00:00,Brighton,Tottenham
31434,EPL,2027-02-20 15:00:00,Chelsea,Ipswich
31435,EPL,2027-02-20 15:00:00,Leeds,Aston Villa
31436,EPL,2027-02-20 15:00:00,Liverpool,Hull
31437,EPL,2027-02-20 15:00:00,Manchester City,Newcastle United
31438,EPL,2027-02-20 15:00:00,Nottingham Forest,Manchester United
31439,EPL,2027-02-20 15:00:00,Sunderland,Everton
31440,EPL,2027-02-27 15:00:00,Aston Villa,Chelsea
31441,EPL,2027-02-27 15:00:00,Coventry,Bournemouth
31442,EPL,2027-02-27 15:00:00,Crystal Palace,Sunderland
31443,EPL,2027-02-27 15:00:00,Everton,Nottingham Forest
31444,EPL,2027-02-27 15:00:00,Fulham,Leeds
31445,EPL,2027-02-27 15:00:00,Hull,Manchester City
31446,EPL,2027-02-27 15:00:00,Ipswich,Brighton
31447,EPL,2027-02-27 15:00:00,Manchester United,Arsenal
31448,EPL,2027-02-27 15:00:00,Newcastle United,Brentford
31449,EPL,2027-02-27 15:00:00,Tottenham,Liverpool
31450,EPL,2027-03-03 20:00:00,Bournemouth,Tottenham
31451,EPL,2027-03-03 20:00:00,Arsenal,Crystal Palace
31452,EPL,2027-03-03 20:00:00,Brentford,Ipswich
31453,EPL,2027-03-03 20:00:00,Brighton,Fulham
31454,EPL,2027-03-03 20:00:00,Chelsea,Coventry
31455,EPL,2027-03-03 20:00:00,Leeds,Hull
31456,EPL,2027-03-03 20:00:00,Liverpool,Aston Villa
31457,EPL,2027-03-03 20:00:00,Manchester City,Everton
31458,EPL,2027-03-03 20:00:00,Nottingham Forest,Newcastle United
31459,EPL,2027-03-03 20:00:00,Sunderland,Manchester United
31460,EPL,2027-03-13 15:00:00,Bournemouth,Newcastle United
31461,EPL,2027-03-13 15:00:00,Aston Villa,Hull
31462,EPL,2027-03-13 15:00:00,Chelsea,Arsenal
31463,EPL,2027-03-13 15:00:00,Coventry,Manchester City
31464,EPL,2027-03-13 15:00:00,Crystal Palace,Fulham
31465,EPL,2027-03-13 15:00:00,Leeds,Brighton
31466,EPL,2027-03-13 15:00:00,Liverpool,Ipswich
31467,EPL,2027-03-13 15:00:00,Manchester United,Everton
31468,EPL,2027-03-13 15:00:00,Sunderland,Brentford
31469,EPL,2027-03-13 15:00:00,Tottenham,Nottingham Forest
31470,EPL,2027-03-20 15:00:00,Arsenal,Sunderland
31471,EPL,2027-03-20 15:00:00,Brentford,Bournemouth
31472,EPL,2027-03-20 15:00:00,Brighton,Coventry
31473,EPL,2027-03-20 15:00:00,Everton,Tottenham
31474,EPL,2027-03-20 15:00:00,Fulham,Liverpool
31475,EPL,2027-03-20 15:00:00,Hull,Chelsea
31476,EPL,2027-03-20 15:00:00,Ipswich,Crystal Palace
31477,EPL,2027-03-20 15:00:00,Manchester City,Manchester United
31478,EPL,2027-03-20 15:00:00,Newcastle United,Leeds
31479,EPL,2027-03-20 15:00:00,Nottingham Forest,Aston Villa
31480,EPL,2027-04-10 14:00:00,Bournemouth,Manchester City
31481,EPL,2027-04-10 14:00:00,Aston Villa,Brighton
31482,EPL,2027-04-10 14:00:00,Chelsea,Fulham
31483,EPL,2027-04-10 14:00:00,Coventry,Arsenal
31484,EPL,2027-04-10 14:00:00,Crystal Palace,Everton
31485,EPL,2027-04-10 14:00:00,Leeds,Nottingham Forest
31486,EPL,2027-04-10 14:00:00,Liverpool,Newcastle United
31487,EPL,2027-04-10 14:00:00,Manchester United,Hull
31488,EPL,2027-04-10 14:00:00,Sunderland,Ipswich
31489,EPL,2027-04-10 14:00:00,Tottenham,Brentford
31490,EPL,2027-04-17 14:00:00,Arsenal,Aston Villa
31491,EPL,2027-04-17 14:00:00,Brentford,Leeds
31492,EPL,2027-04-17 14:00:00,Brighton,Chelsea
31493,EPL,2027-04-17 14:00:00,Everton,Bournemouth
31494,EPL,2027-04-17 14:00:00,Fulham,Sunderland
31495,EPL,2027-04-17 14:00:00,Hull,Coventry
31496,EPL,2027-04-17 14:00:00,Ipswich,Manchester United
31497,EPL,2027-04-17 14:00:00,Manchester City,Crystal Palace
31498,EPL,2027-04-17 14:00:00,Newcastle United,Tottenham
31499,EPL,2027-04-17 14:00:00,Nottingham Forest,Liverpool
31500,EPL,2027-04-24 14:00:00,Bournemouth,Arsenal
31501,EPL,2027-04-24 14:00:00,Aston Villa,Coventry
31502,EPL,2027-04-24 14:00:00,Brentford,Fulham
31503,EPL,2027-04-24 14:00:00,Chelsea,Manchester City
31504,EPL,2027-04-24 14:00:00,Everton,Brighton
31505,EPL,2027-04-24 14:00:00,Leeds,Liverpool
31506,EPL,2027-04-24 14:00:00,Manchester United,Crystal Palace
31507,EPL,2027-04-24 14:00:00,Newcastle United,Ipswich
31508,EPL,2027-04-24 14:00:00,Nottingham Forest,Sunderland
31509,EPL,2027-04-24 14:00:00,Tottenham,Hull
31510,EPL,2027-05-01 14:00:00,Arsenal,Tottenham
31511,EPL,2027-05-01 14:00:00,Brighton,Nottingham Forest
31512,EPL,2027-05-01 14:00:00,Coventry,Manchester United
31513,EPL,2027-05-01 14:00:00,Crystal Palace,Aston Villa
31514,EPL,2027-05-01 14:00:00,Fulham,Everton
31515,EPL,2027-05-01 14:00:00,Hull,Bournemouth
31516,EPL,2027-05-01 14:00:00,Ipswich,Leeds
31517,EPL,2027-05-01 14:00:00,Liverpool,Chelsea
31518,EPL,2027-05-01 14:00:00,Manchester City,Brentford
31519,EPL,2027-05-01 14:00:00,Sunderland,Newcastle United
31520,EPL,2027-05-08 14:00:00,Bournemouth,Manchester United
31521,EPL,2027-05-08 14:00:00,Brentford,Aston Villa
31522,EPL,2027-05-08 14:00:00,Brighton,Sunderland
31523,EPL,2027-05-08 14:00:00,Everton,Hull
31524,EPL,2027-05-08 14:00:00,Fulham,Ipswich
31525,EPL,2027-05-08 14:00:00,Leeds,Arsenal
31526,EPL,2027-05-08 14:00:00,Newcastle United,Coventry
31527,EPL,2027-05-08 14:00:00,Nottingham Forest,Crystal Palace
31528,EPL,2027-05-08 14:00:00,Tottenham,Chelsea
31529,EPL,2027-05-08 14:00:00,Manchester City,Liverpool
31530,EPL,2027-05-15 14:00:00,Arsenal,Nottingham Forest
31531,EPL,2027-05-15 14:00:00,Aston Villa,Newcastle United
31532,EPL,2027-05-15 14:00:00,Chelsea,Everton
31533,EPL,2027-05-15 14:00:00,Coventry,Tottenham
31534,EPL,2027-05-15 14:00:00,Crystal Palace,Brighton
31535,EPL,2027-05-15 14:00:00,Hull,Fulham
31536,EPL,2027-05-15 14:00:00,Ipswich,Manchester City
31537,EPL,2027-05-15 14:00:00,Liverpool,Brentford
31538,EPL,2027-05-15 14:00:00,Manchester United,Leeds
31539,EPL,2027-05-15 14:00:00,Sunderland,Bournemouth
31540,EPL,2027-05-23 14:00:00,Bournemouth,Chelsea
31541,EPL,2027-05-23 14:00:00,Brentford,Hull
31542,EPL,2027-05-23 14:00:00,Brighton,Liverpool
31543,EPL,2027-05-23 14:00:00,Everton,Arsenal
31544,EPL,2027-05-23 14:00:00,Fulham,Coventry
31545,EPL,2027-05-23 14:00:00,Leeds,Sunderland
31546,EPL,2027-05-23 14:00:00,Manchester City,Aston Villa
31547,EPL,2027-05-23 14:00:00,Newcastle United,Crystal Palace
31548,EPL,2027-05-23 14:00:00,Nottingham Forest,Ipswich
31549,EPL,2027-05-23 14:00:00,Tottenham,Manchester United
31550,EPL,2027-05-30 15:00:00,Chelsea,Brentford
31551,EPL,2027-05-30 15:00:00,Coventry,Nottingham Forest
31552,EPL,2027-05-30 15:00:00,Crystal Palace,Leeds
31553,EPL,2027-05-30 15:00:00,Aston Villa,Tottenham
31554,EPL,2027-05-30 15:00:00,Arsenal,Brighton
31555,EPL,2027-05-30 15:00:00,Hull,Newcastle United
31556,EPL,2027-05-30 15:00:00,Ipswich,Everton
31557,EPL,2027-05-30 15:00:00,Liverpool,Bournemouth
31558,EPL,2027-05-30 15:00:00,Manchester United,Fulham
31559,EPL,2027-05-30 15:00:00,Sunderland,Manchester City
30840,La_liga,2026-10-11 15:00:00,Alaves,Atletico Madrid
30841,La_liga,2026-10-11 15:00:00,Real Betis,Osasuna
30842,La_liga,2026-10-11 15:00:00,Elche,Celta Vigo
30843,La_liga,2026-10-11 15:00:00,Barcelona,Getafe
30844,La_liga,2026-10-11 15:00:00,Levante,Sevilla
30845,La_liga,2026-10-11 15:00:00,Malaga,Espanyol
30846,La_liga,2026-10-11 15:00:00,Racing Santander,Valencia
30847,La_liga,2026-10-11 15:00:00,Rayo Vallecano,Athletic Club
30848,La_liga,2026-10-11 15:00:00,Real Madrid,Villarreal
30849,La_liga,2026-10-11 15:00:00,Real Sociedad,Deportivo La Coruna
30850,La_liga,2026-10-18 15:00:00,Real Betis,Barcelona
30851,La_liga,2026-10-18 15:00:00,Celta Vigo,Alaves
30852,La_liga,2026-10-18 15:00:00,Deportivo La Coruna,Levante
30853,La_liga,2026-10-18 15:00:00,Espanyol,Atletico Madrid
30854,La_liga,2026-10-18 15:00:00,Getafe,Rayo Vallecano
30855,La_liga,2026-10-18 15:00:00,Malaga,Real Sociedad
30856,La_liga,2026-10-18 15:00:00,Osasuna,Racing Santander
30857,La_liga,2026-10-18 15:00:00,Real Madrid,Sevilla
30858,La_liga,2026-10-18 15:00:00,Valencia,Athletic Club
30859,La_liga,2026-10-18 15:00:00,Villarreal,Elche
30827,La_liga,2026-10-21 19:30:00,Levante,Athletic Club
30860,La_liga,2026-10-25 16:00:00,Alaves,Malaga
30861,La_liga,2026-10-25 16:00:00,Athletic Club,Getafe
30862,La_liga,2026-10-25 16:00:00,Atletico Madrid,Deportivo La Coruna
30863,La_liga,2026-10-25 16:00:00,Celta Vigo,Real Betis
30864,La_liga,2026-10-25 16:00:00,Barcelona,Real Madrid
30865,La_liga,2026-10-25 16:00:00,Racing Santander,Espanyol
30866,La_liga,2026-10-25 16:00:00,Rayo Vallecano,Elche
30867,La_liga,2026-10-25 16:00:00,Real Sociedad,Levante
30868,La_liga,2026-10-25 16:00:00,Sevilla,Osasuna
30869,La_liga,2026-10-25 16:00:00,Valencia,Villarreal
30870,La_liga,2026-11-01 16:00:00,Athletic Club,Real Sociedad
30871,La_liga,2026-11-01 16:00:00,Real Betis,Malaga
30872,La_liga,2026-11-01 16:00:00,Deportivo La Coruna,Osasuna
30873,La_liga,2026-11-01 16:00:00,Elche,Valencia
30874,La_liga,2026-11-01 16:00:00,Barcelona,Alaves
30875,La_liga,2026-11-01 16:00:00,Getafe,Sevilla
30876,La_liga,2026-11-01 16:00:00,Levante,Atletico Madrid
30877,La_liga,2026-11-01 16:00:00,Racing Santander,Real Madrid
30878,La_liga,2026-11-01 16:00:00,Rayo Vallecano,Celta Vigo
30879,La_liga,2026-11-01 16:00:00,Villarreal,Espanyol
30880,La_liga,2026-11-08 16:00:00,Atletico Madrid,Barcelona
30881,La_liga,2026-11-08 16:00:00,Elche,Real Betis
30882,La_liga,2026-11-08 16:00:00,Espanyol,Deportivo La Coruna
30883,La_liga,2026-11-08 16:00:00,Malaga,Racing Santander
30884,La_liga,2026-11-08 16:00:00,Osasuna,Athletic Club
30885,La_liga,2026-11-08 16:00:00,Real Sociedad,Rayo Vallecano
30886,La_liga,2026-11-08 16:00:00,Sevilla,Alaves
30887,La_liga,2026-11-08 16:00:00,Valencia,Real Madrid
30888,La_liga,2026-11-08 16:00:00,Villarreal,Getafe
30889,La_liga,2026-11-08 16:00:00,Celta Vigo,Levante
30890,La_liga,2026-11-22 16:00:00,Alaves,Deportivo La Coruna
30891,La_liga,2026-11-22 16:00:00,Athletic Club,Espanyol
30892,La_liga,2026-11-22 16:00:00,Barcelona,Villarreal
30893,La_liga,2026-11-22 16:00:00,Getafe,Atletico Madrid
30894,La_liga,2026-11-22 16:00:00,Levante,Elche
30895,La_liga,2026-11-22 16:00:00,Osasuna,Malaga
30896,La_liga,2026-11-22 16:00:00,Sevilla,Real Betis
30897,La_liga,2026-11-22 16:00:00,Real Madrid,Celta Vigo
30898,La_liga,2026-11-22 16:00:00,Racing Santander,Real Sociedad
30899,La_liga,2026-11-22 16:00:00,Rayo Vallecano,Valencia
30900,La_liga,2026-11-29 16:00:00,Real Betis,Rayo Vallecano
30901,La_liga,2026-11-29 16:00:00,Espanyol,Getafe
30902,La_liga,2026-11-29 16:00:00,Elche,Atletico Madrid
30903,La_liga,2026-11-29 16:00:00,Deportivo La Coruna,Barcelona
30904,La_liga,2026-11-29 16:00:00,Celta Vigo,Villarreal
30905,La_liga,2026-11-29 16:00:00,Real Sociedad,Sevilla
30906,La_liga,2026-11-29 16:00:00,Real Madrid,Alaves
30907,La_liga,2026-11-29 16:00:00,Malaga,Athletic Club
30908,La_liga,2026-11-29 16:00:00,Levante,Racing Santander
30909,La_liga,2026-11-29 16:00:00,Valencia,Osasuna
30910,La_liga,2026-12-06 16:00:00,Alaves,Espanyol
30911,La_liga,2026-12-06 16:00:00,Athletic Club,Real Madrid
30912,La_liga,2026-12-06 16:00:00,Atletico Madrid,Real Betis
30913,La_liga,2026-12-06 16:00:00,Barcelona,Celta Vigo
30914,La_liga,2026-12-06 16:00:00,Getafe,Valencia
30915,La_liga,2026-12-06 16:00:00,Osasuna,Elche
30916,La_liga,2026-12-06 16:00:00,Racing Santander,Deportivo La Coruna
30917,La_liga,2026-12-06 16:00:00,Rayo Vallecano,Levante
30918,La_liga,2026-12-06 16:00:00,Sevilla,Malaga
30919,La_liga,2026-12-06 16:00:00,Villarreal,Real Sociedad
30920,La_liga,2026-12-13 16:00:00,Atletico Madrid,Valencia
30921,La_liga,2026-12-13 16:00:00,Real Betis,Racing Santander
30922,La_liga,2026-12-13 16:00:00,Deportivo La Coruna,Athletic Club
30923,La_liga,2026-12-13 16:00:00,Elche,Sevilla
30924,La_liga,2026-12-13 16:00:00,Espanyol,Celta Vigo
30925,La_liga,2026-12-13 16:00:00,Levante,Alaves
30926,La_liga,2026-12-13 16:00:00,Malaga,Barcelona
30927,La_liga,2026-12-13 16:00:00,Real Madrid,Osasuna
30928,La_liga,2026-12-13 16:00:00,Real Sociedad,Getafe
30929,La_liga,2026-12-13 16:00:00,Villarreal,Rayo Vallecano
30930,La_liga,2026-12-20 16:00:00,Alaves,Elche
30931,La_liga,2026-12-20 16:00:00,Athletic Club,Real Betis
30932,La_liga,2026-12-20 16:00:00,Celta Vigo,Atletico Madrid
30933,La_liga,2026-12-20 16:00:00,Deportivo La Coruna,Real Madrid
30934,La_liga,2026-12-20 16:00:00,Barcelona,Real Sociedad
30935,La_liga,2026-12-20 16:00:00,Getafe,Levante
30936,La_liga,2026-12-20 16:00:00,Osasuna,Villarreal
30937,La_liga,2026-12-20 16:00:00,Rayo Vallecano,Malaga
30938,La_liga,2026-12-20 16:00:00,Sevilla,Racing Santander
30939,La_liga,2026-12-20 16:00:00,Valencia,Espanyol
30940,La_liga,2027-01-03 16:00:00,Real Betis,Alaves
30941,La_liga,2027-01-03 16:00:00,Celta Vigo,Deportivo La Coruna
30942,La_liga,2027-01-03 16:00:00,Espanyol,Barcelona
30943,La_liga,2027-01-03 16:00:00,Levante,Valencia
30944,La_liga,2027-01-03 16:00:00,Malaga,Elche
30945,La_liga,2027-01-03 16:00:00,Racing Santander,Athletic Club
30946,La_liga,2027-01-03 16:00:00,Rayo Vallecano,Atletico Madrid
30947,La_liga,2027-01-03 16:00:00,Real Madrid,Getafe
30948,La_liga,2027-01-03 16:00:00,Real Sociedad,Osasuna
30949,La_liga,2027-01-03 16:00:00,Villarreal,Sevilla
30950,La_liga,2027-01-10 16:00:00,Alaves,Real Sociedad
30951,La_liga,2027-01-10 16:00:00,Athletic Club,Villarreal
30952,La_liga,2027-01-10 16:00:00,Atletico Madrid,Racing Santander
30953,La_liga,2027-01-10 16:00:00,Deportivo La Coruna,Rayo Vallecano
30954,La_liga,2027-01-10 16:00:00,Elche,Getafe
30955,La_liga,2027-01-10 16:00:00,Espanyol,Real Betis
30956,La_liga,2027-01-10 16:00:00,Osasuna,Barcelona
30957,La_liga,2027-01-10 16:00:00,Real Madrid,Levante
30958,La_liga,2027-01-10 16:00:00,Sevilla,Celta Vigo
30959,La_liga,2027-01-10 16:00:00,Valencia,Malaga
30960,La_liga,2027-01-17 16:00:00,Atletico Madrid,Real Sociedad
30961,La_liga,2027-01-17 16:00:00,Real Betis,Deportivo La Coruna
30962,La_liga,2027-01-17 16:00:00,Celta Vigo,Valencia
30963,La_liga,2027-01-17 16:00:00,Barcelona,Elche
30964,La_liga,2027-01-17 16:00:00,Getafe,Athletic Club
30965,La_liga,2027-01-17 16:00:00,Levante,Espanyol
30966,La_liga,2027-01-17 16:00:00,Malaga,Real Madrid
30967,La_liga,2027-01-17 16:00:00,Racing Santander,Osasuna
30968,La_liga,2027-01-17 16:00:00,Rayo Vallecano,Sevilla
30969,La_liga,2027-01-17 16:00:00,Villarreal,Alaves
30970,La_liga,2027-01-24 16:00:00,Alaves,Barcelona
30971,La_liga,2027-01-24 16:00:00,Athletic Club,Levante
30972,La_liga,2027-01-24 16:00:00,Deportivo La Coruna,Atletico Madrid
30973,La_liga,2027-01-24 16:00:00,Elche,Rayo Vallecano
30974,La_liga,2027-01-24 16:00:00,Real Madrid,Real Betis
30975,La_liga,2027-01-24 16:00:00,Racing Santander,Celta Vigo
30976,La_liga,2027-01-24 16:00:00,Getafe,Osasuna
30977,La_liga,2027-01-24 16:00:00,Espanyol,Villarreal
30978,La_liga,2027-01-24 16:00:00,Valencia,Sevilla
30979,La_liga,2027-01-24 16:00:00,Real Sociedad,Malaga
30980,La_liga,2027-01-31 16:00:00,Real Betis,Elche
30981,La_liga,2027-01-31 16:00:00,Atletico Madrid,Espanyol
30982,La_liga,2027-01-31 16:00:00,Malaga,Alaves
30983,La_liga,2027-01-31 16:00:00,Levante,Real Sociedad
30984,La_liga,2027-01-31 16:00:00,Barcelona,Valencia
30985,La_liga,2027-01-31 16:00:00,Celta Vigo,Getafe
30986,La_liga,2027-01-31 16:00:00,Villarreal,Racing Santander
30987,La_liga,2027-01-31 16:00:00,Sevilla,Athletic Club
30988,La_liga,2027-01-31 16:00:00,Rayo Vallecano,Real Madrid
30989,La_liga,2027-01-31 16:00:00,Osasuna,Deportivo La Coruna
30990,La_liga,2027-02-07 16:00:00,Alaves,Celta Vigo
30991,La_liga,2027-02-07 16:00:00,Athletic Club,Osasuna
30992,La_liga,2027-02-07 16:00:00,Real Betis,Sevilla
30993,La_liga,2027-02-07 16:00:00,Deportivo La Coruna,Malaga
30994,La_liga,2027-02-07 16:00:00,Elche,Levante
30995,La_liga,2027-02-07 16:00:00,Espanyol,Rayo Vallecano
30996,La_liga,2027-02-07 16:00:00,Barcelona,Atletico Madrid
30997,La_liga,2027-02-07 16:00:00,Getafe,Villarreal
30998,La_liga,2027-02-07 16:00:00,Real Sociedad,Real Madrid
30999,La_liga,2027-02-07 16:00:00,Valencia,Racing Santander
31000,La_liga,2027-02-14 16:00:00,Celta Vigo,Rayo Vallecano
31001,La_liga,2027-02-14 16:00:00,Elche,Deportivo La Coruna
31002,La_liga,2027-02-14 16:00:00,Levante,Malaga
31003,La_liga,2027-02-14 16:00:00,Osasuna,Atletico Madrid
31004,La_liga,2027-02-14 16:00:00,Racing Santander,Getafe
31005,La_liga,2027-02-14 16:00:00,Real Madrid,Athletic Club
31006,La_liga,2027-02-14 16:00:00,Real Sociedad,Real Betis
31007,La_liga,2027-02-14 16:00:00,Sevilla,Espanyol
31008,La_liga,2027-02-14 16:00:00,Valencia,Alaves
31009,La_liga,2027-02-14 16:00:00,Villarreal,Barcelona
31010,La_liga,2027-02-21 16:00:00,Alaves,Racing Santander
31011,La_liga,2027-02-21 16:00:00,Athletic Club,Celta Vigo
31012,La_liga,2027-02-21 16:00:00,Atletico Madrid,Elche
31013,La_liga,2027-02-21 16:00:00,Deportivo La Coruna,Real Sociedad
31014,La_liga,2027-02-21 16:00:00,Espanyol,Osasuna
31015,La_liga,2027-02-21 16:00:00,Barcelona,Levante
31016,La_liga,2027-02-21 16:00:00,Malaga,Real Betis
31017,La_liga,2027-02-21 16:00:00,Rayo Vallecano,Getafe
31018,La_liga,2027-02-21 16:00:00,Sevilla,Real Madrid
31019,La_liga,2027-02-21 16:00:00,Villarreal,Valencia
31020,La_liga,2027-02-28 16:00:00,Athletic Club,Barcelona
31021,La_liga,2027-02-28 16:00:00,Real Betis,Villarreal
31022,La_liga,2027-02-28 16:00:00,Celta Vigo,Espanyol
31023,La_liga,2027-02-28 16:00:00,Getafe,Alaves
31024,La_liga,2027-02-28 16:00:00,Levante,Deportivo La Coruna
31025,La_liga,2027-02-28 16:00:00,Malaga,Atletico Madrid
31026,La_liga,2027-02-28 16:00:00,Osasuna,Sevilla
31027,La_liga,2027-02-28 16:00:00,Racing Santander,Rayo Vallecano
31028,La_liga,2027-02-28 16:00:00,Real Madrid,Valencia
31029,La_liga,2027-02-28 16:00:00,Real Sociedad,Elche
31030,La_liga,2027-03-07 16:00:00,Alaves,Athletic Club
31031,La_liga,2027-03-07 16:00:00,Atletico Madrid,Celta Vigo
31032,La_liga,2027-03-07 16:00:00,Deportivo La Coruna,Getafe
31033,La_liga,2027-03-07 16:00:00,Elche,Malaga
31034,La_liga,2027-03-07 16:00:00,Espanyol,Racing Santander
31035,La_liga,2027-03-07 16:00:00,Barcelona,Real Betis
31036,La_liga,2027-03-07 16:00:00,Rayo Vallecano,Osasuna
31037,La_liga,2027-03-07 16:00:00,Sevilla,Real Sociedad
31038,La_liga,2027-03-07 16:00:00,Valencia,Levante
31039,La_liga,2027-03-07 16:00:00,Villarreal,Real Madrid
31040,La_liga,2027-03-14 16:00:00,Alaves,Sevilla
31041,La_liga,2027-03-14 16:00:00,Athletic Club,Valencia
31042,La_liga,2027-03-14 16:00:00,Real Betis,Levante
31043,La_liga,2027-03-14 16:00:00,Elche,Villarreal
31044,La_liga,2027-03-14 16:00:00,Barcelona,Deportivo La Coruna
31045,La_liga,2027-03-14 16:00:00,Getafe,Real Sociedad
31046,La_liga,2027-03-14 16:00:00,Malaga,Rayo Vallecano
31047,La_liga,2027-03-14 16:00:00,Osasuna,Celta Vigo
31048,La_liga,2027-03-14 16:00:00,Racing Santander,Atletico Madrid
31049,La_liga,2027-03-14 16:00:00,Real Madrid,Espanyol
31050,La_liga,2027-03-21 16:00:00,Atletico Madrid,Getafe
31051,La_liga,2027-03-21 16:00:00,Celta Vigo,Real Madrid
31052,La_liga,2027-03-21 16:00:00,Espanyol,Athletic Club
31053,La_liga,2027-03-21 16:00:00,Levante,Osasuna
31054,La_liga,2027-03-21 16:00:00,Racing Santander,Real Betis
31055,La_liga,2027-03-21 16:00:00,Rayo Vallecano,Barcelona
31056,La_liga,2027-03-21 16:00:00,Real Sociedad,Alaves
31057,La_liga,2027-03-21 16:00:00,Sevilla,Elche
31058,La_liga,2027-03-21 16:00:00,Valencia,Deportivo La Coruna
31059,La_liga,2027-03-21 16:00:00,Villarreal,Malaga
31060,La_liga,2027-04-04 15:00:00,Athletic Club,Racing Santander
31061,La_liga,2027-04-04 15:00:00,Real Betis,Celta Vigo
31062,La_liga,2027-04-04 15:00:00,Deportivo La Coruna,Villarreal
31063,La_liga,2027-04-04 15:00:00,Elche,Alaves
31064,La_liga,2027-04-04 15:00:00,Barcelona,Sevilla
31065,La_liga,2027-04-04 15:00:00,Getafe,Espanyol
31066,La_liga,2027-04-04 15:00:00,Levante,Rayo Vallecano
31067,La_liga,2027-04-04 15:00:00,Malaga,Osasuna
31068,La_liga,2027-04-04 15:00:00,Real Madrid,Atletico Madrid
31069,La_liga,2027-04-04 15:00:00,Real Sociedad,Valencia
31070,La_liga,2027-04-11 15:00:00,Alaves,Real Betis
31071,La_liga,2027-04-11 15:00:00,Atletico Madrid,Levante
31072,La_liga,2027-04-11 15:00:00,Celta Vigo,Elche
31073,La_liga,2027-04-11 15:00:00,Espanyol,Malaga
31074,La_liga,2027-04-11 15:00:00,Osasuna,Real Madrid
31075,La_liga,2027-04-11 15:00:00,Racing Santander,Barcelona
31076,La_liga,2027-04-11 15:00:00,Rayo Vallecano,Real Sociedad
31077,La_liga,2027-04-11 15:00:00,Sevilla,Deportivo La Coruna
31078,La_liga,2027-04-11 15:00:00,Valencia,Getafe
31079,La_liga,2027-04-11 15:00:00,Villarreal,Athletic Club
31080,La_liga,2027-04-18 15:00:00,Alaves,Rayo Vallecano
31081,La_liga,2027-04-18 15:00:00,Atletico Madrid,Sevilla
31082,La_liga,2027-04-18 15:00:00,Real Betis,Athletic Club
31083,La_liga,2027-04-18 15:00:00,Deportivo La Coruna,Celta Vigo
31084,La_liga,2027-04-18 15:00:00,Elche,Osasuna
31085,La_liga,2027-04-18 15:00:00,Barcelona,Espanyol
31086,La_liga,2027-04-18 15:00:00,Getafe,Real Madrid
31087,La_liga,2027-04-18 15:00:00,Levante,Villarreal
31088,La_liga,2027-04-18 15:00:00,Malaga,Valencia
31089,La_liga,2027-04-18 15:00:00,Real Sociedad,Racing Santander
31090,La_liga,2027-04-21 15:00:00,Athletic Club,Deportivo La Coruna
31091,La_liga,2027-04-21 15:00:00,Celta Vigo,Barcelona
31092,La_liga,2027-04-21 15:00:00,Espanyol,Real Sociedad
31093,La_liga,2027-04-21 15:00:00,Getafe,Real Betis
31094,La_liga,2027-04-21 15:00:00,Osasuna,Alaves
31095,La_liga,2027-04-21 15:00:00,Racing Santander,Malaga
31096,La_liga,2027-04-21 15:00:00,Real Madrid,Elche
31097,La_liga,2027-04-21 15:00:00,Sevilla,Levante
31098,La_liga,2027-04-21 15:00:00,Valencia,Rayo Vallecano
31099,La_liga,2027-04-21 15:00:00,Villarreal,Atletico Madrid
31100,La_liga,2027-05-02 15:00:00,Atletico Madrid,Alaves
31101,La_liga,2027-05-02 15:00:00,Real Betis,Valencia
31102,La_liga,2027-05-02 15:00:00,Celta Vigo,Sevilla
31103,La_liga,2027-05-02 15:00:00,Deportivo La Coruna,Racing Santander
31104,La_liga,2027-05-02 15:00:00,Elche,Espanyol
31105,La_liga,2027-05-02 15:00:00,Barcelona,Osasuna
31106,La_liga,2027-05-02 15:00:00,Levante,Real Madrid
31107,La_liga,2027-05-02 15:00:00,Malaga,Getafe
31108,La_liga,2027-05-02 15:00:00,Rayo Vallecano,Villarreal
31109,La_liga,2027-05-02 15:00:00,Real Sociedad,Athletic Club
31110,La_liga,2027-05-09 15:00:00,Alaves,Levante
31111,La_liga,2027-05-09 15:00:00,Athletic Club,Malaga
31112,La_liga,2027-05-09 15:00:00,Real Betis,Espanyol
31113,La_liga,2027-05-09 15:00:00,Getafe,Elche
31114,La_liga,2027-05-09 15:00:00,Osasuna,Real Sociedad
31115,La_liga,2027-05-09 15:00:00,Racing Santander,Sevilla
31116,La_liga,2027-05-09 15:00:00,Rayo Vallecano,Deportivo La Coruna
31117,La_liga,2027-05-09 15:00:00,Real Madrid,Barcelona
31118,La_liga,2027-05-09 15:00:00,Valencia,Atletico Madrid
31119,La_liga,2027-05-09 15:00:00,Villarreal,Celta Vigo
31120,La_liga,2027-05-16 15:00:00,Atletico Madrid,Rayo Vallecano
31121,La_liga,2027-05-16 15:00:00,Deportivo La Coruna,Alaves
31122,La_liga,2027-05-16 15:00:00,Elche,Athletic Club
31123,La_liga,2027-05-16 15:00:00,Espanyol,Valencia
31124,La_liga,2027-05-16 15:00:00,Levante,Getafe
31125,La_liga,2027-05-16 15:00:00,Malaga,Celta Vigo
31126,La_liga,2027-05-16 15:00:00,Osasuna,Real Betis
31127,La_liga,2027-05-16 15:00:00,Real Madrid,Racing Santander
31128,La_liga,2027-05-16 15:00:00,Real Sociedad,Barcelona
31129,La_liga,2027-05-16 15:00:00,Sevilla,Villarreal
31130,La_liga,2027-05-23 15:00:00,Alaves,Real Madrid
31131,La_liga,2027-05-23 15:00:00,Atletico Madrid,Athletic Club
31132,La_liga,2027-05-23 15:00:00,Celta Vigo,Real Sociedad
31133,La_liga,2027-05-23 15:00:00,Deportivo La Coruna,Espanyol
31134,La_liga,2027-05-23 15:00:00,Barcelona,Malaga
31135,La_liga,2027-05-23 15:00:00,Racing Santander,Levante
31136,La_liga,2027-05-23 15:00:00,Rayo Vallecano,Real Betis
31137,La_liga,2027-05-23 15:00:00,Sevilla,Getafe
31138,La_liga,2027-05-23 15:00:00,Valencia,Elche
31139,La_liga,2027-05-23 15:00:00,Villarreal,Osasuna
31140,La_liga,2027-05-30 15:00:00,Athletic Club,Rayo Vallecano
31141,La_liga,2027-05-30 15:00:00,Real Betis,Atletico Madrid
31142,La_liga,2027-05-30 15:00:00,Elche,Racing Santander
31143,La_liga,2027-05-30 15:00:00,Espanyol,Alaves
31144,La_liga,2027-05-30 15:00:00,Getafe,Barcelona
31145,La_liga,2027-05-30 15:00:00,Levante,Celta Vigo
31146,La_liga,2027-05-30 15:00:00,Malaga,Sevilla
31147,La_liga,2027-05-30 15:00:00,Osasuna,Valencia
31148,La_liga,2027-05-30 15:00:00,Real Madrid,Deportivo La Coruna
31149,La_liga,2027-05-30 15:00:00,Real Sociedad,Villarreal
31610,Serie_A,2026-10-11 13:00:00,Atalanta,Venezia
31611,Serie_A,2026-10-11 13:00:00,Cagliari,Juventus
31612,Serie_A,2026-10-11 13:00:00,Como,Roma
31613,Serie_A,2026-10-11 13:00:00,Genoa,Fiorentina
31614,Serie_A,2026-10-11 13:00:00,Inter,Parma Calcio 1913
31615,Serie_A,2026-10-11 13:00:00,Lazio,Monza
31616,Serie_A,2026-10-11 13:00:00,Lecce,Bologna
31617,Serie_A,2026-10-11 13:00:00,Napoli,Frosinone
31618,Serie_A,2026-10-11 13:00:00,Sassuolo,AC Milan
31619,Serie_A,2026-10-11 13:00:00,Torino,Udinese
31620,Serie_A,2026-10-17 13:00:00,AC Milan,Atalanta
31621,Serie_A,2026-10-17 13:00:00,Roma,Genoa
31622,Serie_A,2026-10-17 13:00:00,Bologna,Inter
31623,Serie_A,2026-10-17 13:00:00,Fiorentina,Como
31624,Serie_A,2026-10-17 13:00:00,Frosinone,Sassuolo
31625,Serie_A,2026-10-17 13:00:00,Juventus,Lazio
31626,Serie_A,2026-10-17 13:00:00,Monza,Cagliari
31627,Serie_A,2026-10-17 13:00:00,Parma Calcio 1913,Torino
31628,Serie_A,2026-10-17 13:00:00,Udinese,Lecce
31629,Serie_A,2026-10-17 13:00:00,Venezia,Napoli
31630,Serie_A,2026-10-25 14:00:00,Atalanta,Frosinone
31631,Serie_A,2026-10-25 14:00:00,Cagliari,Bologna
31632,Serie_A,2026-10-25 14:00:00,Como,Sassuolo
31633,Serie_A,2026-10-25 14:00:00,Genoa,Venezia
31634,Serie_A,2026-10-25 14:00:00,Inter,Fiorentina
31635,Serie_A,2026-10-25 14:00:00,Lazio,Parma Calcio 1913
31636,Serie_A,2026-10-25 14:00:00,Lecce,Juventus
31637,Serie_A,2026-10-25 14:00:00,Napoli,Roma
31638,Serie_A,2026-10-25 14:00:00,Torino,Monza
31639,Serie_A,2026-10-25 14:00:00,Udinese,AC Milan
31640,Serie_A,2026-10-28 14:00:00,AC Milan,Bologna
31641,Serie_A,2026-10-28 14:00:00,Roma,Cagliari
31642,Serie_A,2026-10-28 14:00:00,Fiorentina,Atalanta
31643,Serie_A,2026-10-28 14:00:00,Frosinone,Lecce
31644,Serie_A,2026-10-28 14:00:00,Genoa,Juventus
31645,Serie_A,2026-10-28 14:00:00,Monza,Napoli
31646,Serie_A,2026-10-28 14:00:00,Parma Calcio 1913,Udinese
31647,Serie_A,2026-10-28 14:00:00,Sassuolo,Lazio
31648,Serie_A,2026-10-28 14:00:00,Torino,Como
31649,Serie_A,2026-10-28 14:00:00,Venezia,Inter
31650,Serie_A,2026-11-01 14:00:00,AC Milan,Inter
31651,Serie_A,2026-11-01 14:00:00,Atalanta,Parma Calcio 1913
31652,Serie_A,2026-11-01 14:00:00,Bologna,Monza
31653,Serie_A,2026-11-01 14:00:00,Como,Venezia
31654,Serie_A,2026-11-01 14:00:00,Frosinone,Torino
31655,Serie_A,2026-11-01 14:00:00,Juventus,Napoli
31656,Serie_A,2026-11-01 14:00:00,Lazio,Cagliari
31657,Serie_A,2026-11-01 14:00:00,Lecce,Genoa
31658,Serie_A,2026-11-01 14:00:00,Sassuolo,Fiorentina
31659,Serie_A,2026-11-01 14:00:00,Udinese,Roma
31660,Serie_A,2026-11-08 14:00:00,Roma,Sassuolo
31661,Serie_A,2026-11-08 14:00:00,Inter,Como
31662,Serie_A,2026-11-08 14:00:00,Monza,Atalanta
31663,Serie_A,2026-11-08 14:00:00,Napoli,Lazio
31664,Serie_A,2026-11-08 14:00:00,Parma Calcio 1913,Bologna
31665,Serie_A,2026-11-08 14:00:00,Torino,Lecce
31666,Serie_A,2026-11-08 14:00:00,Venezia,Udinese
31667,Serie_A,2026-11-08 14:00:00,Cagliari,Frosinone
31668,Serie_A,2026-11-08 14:00:00,Fiorentina,Juventus
31669,Serie_A,2026-11-08 14:00:00,Genoa,AC Milan
31670,Serie_A,2026-11-22 14:00:00,AC Milan,Frosinone
31671,Serie_A,2026-11-22 14:00:00,Atalanta,Inter
31672,Serie_A,2026-11-22 14:00:00,Bologna,Udinese
31673,Serie_A,2026-11-22 14:00:00,Como,Cagliari
31674,Serie_A,2026-11-22 14:00:00,Sassuolo,Genoa
31675,Serie_A,2026-11-22 14:00:00,Parma Calcio 1913,Roma
31676,Serie_A,2026-11-22 14:00:00,Napoli,Torino
31677,Serie_A,2026-11-22 14:00:00,Monza,Fiorentina
31678,Serie_A,2026-11-22 14:00:00,Juventus,Venezia
31679,Serie_A,2026-11-22 14:00:00,Lazio,Lecce
31680,Serie_A,2026-11-29 14:00:00,Roma,Monza
31681,Serie_A,2026-11-29 14:00:00,Como,Juventus
31682,Serie_A,2026-11-29 14:00:00,Cagliari,AC Milan
31683,Serie_A,2026-11-29 14:00:00,Sassuolo,Napoli
31684,Serie_A,2026-11-29 14:00:00,Lecce,Atalanta
31685,Serie_A,2026-11-29 14:00:00,Inter,Genoa
31686,Serie_A,2026-11-29 14:00:00,Frosinone,Parma Calcio 1913
31687,Serie_A,2026-11-29 14:00:00,Venezia,Bologna
31688,Serie_A,2026-11-29 14:00:00,Udinese,Fiorentina
31689,Serie_A,2026-11-29 14:00:00,Torino,Lazio
31690,Serie_A,2026-12-06 14:00:00,AC Milan,Parma Calcio 1913
31691,Serie_A,2026-12-06 14:00:00,Bologna,Roma
31692,Serie_A,2026-12-06 14:00:00,Fiorentina,Cagliari
31693,Serie_A,2026-12-06 14:00:00,Frosinone,Inter
31694,Serie_A,2026-12-06 14:00:00,Genoa,Torino
31695,Serie_A,2026-12-06 14:00:00,Juventus,Udinese
31696,Serie_A,2026-12-06 14:00:00,Lazio,Atalanta
31697,Serie_A,2026-12-06 14:00:00,Monza,Como
31698,Serie_A,2026-12-06 14:00:00,Napoli,Lecce
31699,Serie_A,2026-12-06 14:00:00,Venezia,Sassuolo
31700,Serie_A,2026-12-13 14:00:00,Atalanta,Genoa
31701,Serie_A,2026-12-13 14:00:00,Cagliari,Venezia
31702,Serie_A,2026-12-13 14:00:00,Como,Bologna
31703,Serie_A,2026-12-13 14:00:00,Inter,Torino
31704,Serie_A,2026-12-13 14:00:00,Juventus,Monza
31705,Serie_A,2026-12-13 14:00:00,Lazio,Roma
31706,Serie_A,2026-12-13 14:00:00,Lecce,Sassuolo
31707,Serie_A,2026-12-13 14:00:00,Napoli,AC Milan
31708,Serie_A,2026-12-13 14:00:00,Parma Calcio 1913,Fiorentina
31709,Serie_A,2026-12-13 14:00:00,Udinese,Frosinone
31710,Serie_A,2026-12-20 14:00:00,AC Milan,Como
31711,Serie_A,2026-12-20 14:00:00,Roma,Juventus
31712,Serie_A,2026-12-20 14:00:00,Atalanta,Napoli
31713,Serie_A,2026-12-20 14:00:00,Fiorentina,Bologna
31714,Serie_A,2026-12-20 14:00:00,Frosinone,Lazio
31715,Serie_A,2026-12-20 14:00:00,Genoa,Udinese
31716,Serie_A,2026-12-20 14:00:00,Lecce,Inter
31717,Serie_A,2026-12-20 14:00:00,Sassuolo,Parma Calcio 1913
31718,Serie_A,2026-12-20 14:00:00,Torino,Cagliari
31719,Serie_A,2026-12-20 14:00:00,Venezia,Monza
31720,Serie_A,2027-01-03 14:00:00,Roma,Frosinone
31721,Serie_A,2027-01-03 14:00:00,Bologna,Juventus
31722,Serie_A,2027-01-03 14:00:00,Cagliari,Genoa
31723,Serie_A,2027-01-03 14:00:00,Como,Lecce
31724,Serie_A,2027-01-03 14:00:00,Fiorentina,Lazio
31725,Serie_A,2027-01-03 14:00:00,Inter,Sassuolo
31726,Serie_A,2027-01-03 14:00:00,Monza,AC Milan
31727,Serie_A,2027-01-03 14:00:00,Parma Calcio 1913,Napoli
31728,Serie_A,2027-01-03 14:00:00,Torino,Venezia
31729,Serie_A,2027-01-03 14:00:00,Udinese,Atalanta
31730,Serie_A,2027-01-06 14:00:00,AC Milan,Fiorentina
31731,Serie_A,2027-01-06 14:00:00,Atalanta,Como
31732,Serie_A,2027-01-06 14:00:00,Frosinone,Bologna
31733,Serie_A,2027-01-06 14:00:00,Genoa,Monza
31734,Serie_A,2027-01-06 14:00:00,Juventus,Torino
31735,Serie_A,2027-01-06 14:00:00,Lazio,Inter
31736,Serie_A,2027-01-06 14:00:00,Lecce,Parma Calcio 1913
31737,Serie_A,2027-01-06 14:00:00,Napoli,Cagliari
31738,Serie_A,2027-01-06 14:00:00,Sassuolo,Udinese
31739,Serie_A,2027-01-06 14:00:00,Venezia,Roma
31740,Serie_A,2027-01-10 14:00:00,Roma,AC Milan
31741,Serie_A,2027-01-10 14:00:00,Bologna,Genoa
31742,Serie_A,2027-01-10 14:00:00,Cagliari,Sassuolo
31743,Serie_A,2027-01-10 14:00:00,Como,Lazio
31744,Serie_A,2027-01-10 14:00:00,Fiorentina,Lecce
31745,Serie_A,2027-01-10 14:00:00,Inter,Juventus
31746,Serie_A,2027-01-10 14:00:00,Monza,Frosinone
31747,Serie_A,2027-01-10 14:00:00,Parma Calcio 1913,Venezia
31748,Serie_A,2027-01-10 14:00:00,Torino,Atalanta
31749,Serie_A,2027-01-10 14:00:00,Udinese,Napoli
31750,Serie_A,2027-01-17 14:00:00,AC Milan,Torino
31751,Serie_A,2027-01-17 14:00:00,Atalanta,Roma
31752,Serie_A,2027-01-17 14:00:00,Cagliari,Como
31753,Serie_A,2027-01-17 14:00:00,Juventus,Genoa
31754,Serie_A,2027-01-17 14:00:00,Lazio,Bologna
31755,Serie_A,2027-01-17 14:00:00,Lecce,Udinese
31756,Serie_A,2027-01-17 14:00:00,Napoli,Fiorentina
31757,Serie_A,2027-01-17 14:00:00,Parma Calcio 1913,Inter
31758,Serie_A,2027-01-17 14:00:00,Sassuolo,Monza
31759,Serie_A,2027-01-17 14:00:00,Venezia,Frosinone
31760,Serie_A,2027-01-24 14:00:00,Roma,Udinese
31761,Serie_A,2027-01-24 14:00:00,Bologna,Atalanta
31762,Serie_A,2027-01-24 14:00:00,Como,Napoli
31763,Serie_A,2027-01-24 14:00:00,Fiorentina,Sassuolo
31764,Serie_A,2027-01-24 14:00:00,Frosinone,AC Milan
31765,Serie_A,2027-01-24 14:00:00,Genoa,Parma Calcio 1913
31766,Serie_A,2027-01-24 14:00:00,Inter,Venezia
31767,Serie_A,2027-01-24 14:00:00,Juventus,Cagliari
31768,Serie_A,2027-01-24 14:00:00,Lecce,Torino
31769,Serie_A,2027-01-24 14:00:00,Monza,Lazio
31770,Serie_A,2027-01-31 14:00:00,AC Milan,Juventus
31771,Serie_A,2027-01-31 14:00:00,Atalanta,Fiorentina
31772,Serie_A,2027-01-31 14:00:00,Cagliari,Parma Calcio 1913
31773,Serie_A,2027-01-31 14:00:00,Genoa,Lecce
31774,Serie_A,2027-01-31 14:00:00,Lazio,Venezia
31775,Serie_A,2027-01-31 14:00:00,Monza,Roma
31776,Serie_A,2027-01-31 14:00:00,Napoli,Inter
31777,Serie_A,2027-01-31 14:00:00,Sassuolo,Como
31778,Serie_A,2027-01-31 14:00:00,Torino,Frosinone
31779,Serie_A,2027-01-31 14:00:00,Udinese,Bologna
31780,Serie_A,2027-02-07 14:00:00,Bologna,AC Milan
31781,Serie_A,2027-02-07 14:00:00,Como,Monza
31782,Serie_A,2027-02-07 14:00:00,Fiorentina,Udinese
31783,Serie_A,2027-02-07 14:00:00,Inter,Cagliari
31784,Serie_A,2027-02-07 14:00:00,Juventus,Sassuolo
31785,Serie_A,2027-02-07 14:00:00,Lecce,Napoli
31786,Serie_A,2027-02-07 14:00:00,Parma Calcio 1913,Frosinone
31787,Serie_A,2027-02-07 14:00:00,Venezia,Genoa
31788,Serie_A,2027-02-07 14:00:00,Roma,Torino
31789,Serie_A,2027-02-07 14:00:00,Atalanta,Lazio
31790,Serie_A,2027-02-14 14:00:00,Genoa,Atalanta
31791,Serie_A,2027-02-14 14:00:00,Inter,AC Milan
31792,Serie_A,2027-02-14 14:00:00,Bologna,Como
31793,Serie_A,2027-02-14 14:00:00,Roma,Parma Calcio 1913
31794,Serie_A,2027-02-14 14:00:00,Napoli,Juventus
31795,Serie_A,2027-02-14 14:00:00,Torino,Sassuolo
31796,Serie_A,2027-02-14 14:00:00,Monza,Lecce
31797,Serie_A,2027-02-14 14:00:00,Cagliari,Lazio
31798,Serie_A,2027-02-14 14:00:00,Frosinone,Fiorentina
31799,Serie_A,2027-02-14 14:00:00,Udinese,Venezia
31800,Serie_A,2027-02-21 14:00:00,AC Milan,Genoa
31801,Serie_A,2027-02-21 14:00:00,Atalanta,Monza
31802,Serie_A,2027-02-21 14:00:00,Como,Torino
31803,Serie_A,2027-02-21 14:00:00,Fiorentina,Inter
31804,Serie_A,2027-02-21 14:00:00,Juventus,Bologna
31805,Serie_A,2027-02-21 14:00:00,Lazio,Napoli
31806,Serie_A,2027-02-21 14:00:00,Lecce,Frosinone
31807,Serie_A,2027-02-21 14:00:00,Sassuolo,Roma
31808,Serie_A,2027-02-21 14:00:00,Udinese,Parma Calcio 1913
31809,Serie_A,2027-02-21 14:00:00,Venezia,Cagliari
31810,Serie_A,2027-02-28 14:00:00,Roma,Venezia
31811,Serie_A,2027-02-28 14:00:00,Bologna,Lecce
31812,Serie_A,2027-02-28 14:00:00,Cagliari,Udinese
31813,Serie_A,2027-02-28 14:00:00,Como,AC Milan
31814,Serie_A,2027-02-28 14:00:00,Frosinone,Napoli
31815,Serie_A,2027-02-28 14:00:00,Monza,Juventus
31816,Serie_A,2027-02-28 14:00:00,Inter,Atalanta
31817,Serie_A,2027-02-28 14:00:00,Genoa,Lazio
31818,Serie_A,2027-02-28 14:00:00,Torino,Fiorentina
31819,Serie_A,2027-02-28 14:00:00,Parma Calcio 1913,Sassuolo
31820,Serie_A,2027-03-07 14:00:00,AC Milan,Cagliari
31821,Serie_A,2027-03-07 14:00:00,Atalanta,Torino
31822,Serie_A,2027-03-07 14:00:00,Fiorentina,Venezia
31823,Serie_A,2027-03-07 14:00:00,Juventus,Roma
31824,Serie_A,2027-03-07 14:00:00,Lazio,Frosinone
31825,Serie_A,2027-03-07 14:00:00,Lecce,Como
31826,Serie_A,2027-03-07 14:00:00,Monza,Genoa
31827,Serie_A,2027-03-07 14:00:00,Napoli,Parma Calcio 1913
31828,Serie_A,2027-03-07 14:00:00,Sassuolo,Bologna
31829,Serie_A,2027-03-07 14:00:00,Udinese,Inter
31830,Serie_A,2027-03-14 14:00:00,AC Milan,Sassuolo
31831,Serie_A,2027-03-14 14:00:00,Bologna,Napoli
31832,Serie_A,2027-03-14 14:00:00,Cagliari,Fiorentina
31833,Serie_A,2027-03-14 14:00:00,Como,Udinese
31834,Serie_A,2027-03-14 14:00:00,Frosinone,Monza
31835,Serie_A,2027-03-14 14:00:00,Genoa,Roma
31836,Serie_A,2027-03-14 14:00:00,Lazio,Juventus
31837,Serie_A,2027-03-14 14:00:00,Parma Calcio 1913,Lecce
31838,Serie_A,2027-03-14 14:00:00,Torino,Inter
31839,Serie_A,2027-03-14 14:00:00,Venezia,Atalanta
31840,Serie_A,2027-03-21 14:00:00,Roma,Lecce
31841,Serie_A,2027-03-21 14:00:00,Atalanta,AC Milan
31842,Serie_A,2027-03-21 14:00:00,Fiorentina,Genoa
31843,Serie_A,2027-03-21 14:00:00,Inter,Frosinone
31844,Serie_A,2027-03-21 14:00:00,Juventus,Como
31845,Serie_A,2027-03-21 14:00:00,Monza,Bologna
31846,Serie_A,2027-03-21 14:00:00,Napoli,Venezia
31847,Serie_A,2027-03-21 14:00:00,Parma Calcio 1913,Lazio
31848,Serie_A,2027-03-21 14:00:00,Sassuolo,Cagliari
31849,Serie_A,2027-03-21 14:00:00,Udinese,Torino
31850,Serie_A,2027-04-04 13:00:00,AC Milan,Monza
31851,Serie_A,2027-04-04 13:00:00,Roma,Bologna
31852,Serie_A,2027-04-04 13:00:00,Cagliari,Napoli
31853,Serie_A,2027-04-04 13:00:00,Como,Fiorentina
31854,Serie_A,2027-04-04 13:00:00,Frosinone,Udinese
31855,Serie_A,2027-04-04 13:00:00,Genoa,Inter
31856,Serie_A,2027-04-04 13:00:00,Lecce,Lazio
31857,Serie_A,2027-04-04 13:00:00,Sassuolo,Atalanta
31858,Serie_A,2027-04-04 13:00:00,Torino,Juventus
31859,Serie_A,2027-04-04 13:00:00,Venezia,Parma Calcio 1913
31860,Serie_A,2027-04-11 13:00:00,Bologna,Venezia
31861,Serie_A,2027-04-11 13:00:00,Cagliari,Atalanta
31862,Serie_A,2027-04-11 13:00:00,Fiorentina,AC Milan
31863,Serie_A,2027-04-11 13:00:00,Frosinone,Genoa
31864,Serie_A,2027-04-11 13:00:00,Inter,Roma
31865,Serie_A,2027-04-11 13:00:00,Juventus,Lecce
31866,Serie_A,2027-04-11 13:00:00,Lazio,Torino
31867,Serie_A,2027-04-11 13:00:00,Napoli,Sassuolo
31868,Serie_A,2027-04-11 13:00:00,Parma Calcio 1913,Como
31869,Serie_A,2027-04-11 13:00:00,Udinese,Monza
31870,Serie_A,2027-04-18 13:00:00,AC Milan,Napoli
31871,Serie_A,2027-04-18 13:00:00,Roma,Lazio
31872,Serie_A,2027-04-18 13:00:00,Atalanta,Udinese
31873,Serie_A,2027-04-18 13:00:00,Bologna,Cagliari
31874,Serie_A,2027-04-18 13:00:00,Como,Frosinone
31875,Serie_A,2027-04-18 13:00:00,Fiorentina,Parma Calcio 1913
31876,Serie_A,2027-04-18 13:00:00,Monza,Inter
31877,Serie_A,2027-04-18 13:00:00,Sassuolo,Lecce
31878,Serie_A,2027-04-18 13:00:00,Torino,Genoa
31879,Serie_A,2027-04-18 13:00:00,Venezia,Juventus
31880,Serie_A,2027-04-25 13:00:00,Cagliari,Monza
31881,Serie_A,2027-04-25 13:00:00,Frosinone,Roma
31882,Serie_A,2027-04-25 13:00:00,Genoa,Sassuolo
31883,Serie_A,2027-04-25 13:00:00,Inter,Bologna
31884,Serie_A,2027-04-25 13:00:00,Juventus,Fiorentina
31885,Serie_A,2027-04-25 13:00:00,Lazio,Como
31886,Serie_A,2027-04-25 13:00:00,Lecce,AC Milan
31887,Serie_A,2027-04-25 13:00:00,Napoli,Udinese
31888,Serie_A,2027-04-25 13:00:00,Parma Calcio 1913,Atalanta
31889,Serie_A,2027-04-25 13:00:00,Venezia,Torino
31890,Serie_A,2027-05-02 13:00:00,Lecce,Cagliari
31891,Serie_A,2027-05-02 13:00:00,Monza,Venezia
31892,Serie_A,2027-05-02 13:00:00,Sassuolo,Frosinone
31893,Serie_A,2027-05-02 13:00:00,Torino,Parma Calcio 1913
31894,Serie_A,2027-05-02 13:00:00,Udinese,Genoa
31895,Serie_A,2027-05-02 13:00:00,AC Milan,Lazio
31896,Serie_A,2027-05-02 13:00:00,Roma,Napoli
31897,Serie_A,2027-05-02 13:00:00,Atalanta,Juventus
31898,Serie_A,2027-05-02 13:00:00,Bologna,Fiorentina
31899,Serie_A,2027-05-02 13:00:00,Como,Inter
31900,Serie_A,2027-05-09 13:00:00,Fiorentina,Roma
31901,Serie_A,2027-05-09 13:00:00,Frosinone,Atalanta
31902,Serie_A,2027-05-09 13:00:00,Genoa,Cagliari
31903,Serie_A,2027-05-09 13:00:00,Inter,Lecce
31904,Serie_A,2027-05-09 13:00:00,Lazio,Sassuolo
31905,Serie_A,2027-05-09 13:00:00,Napoli,Monza
31906,Serie_A,2027-05-09 13:00:00,Parma Calcio 1913,AC Milan
31907,Serie_A,2027-05-09 13:00:00,Torino,Bologna
31908,Serie_A,2027-05-09 13:00:00,Udinese,Juventus
31909,Serie_A,2027-05-09 13:00:00,Venezia,Como
31910,Serie_A,2027-05-16 13:00:00,AC Milan,Roma
31911,Serie_A,2027-05-16 13:00:00,Bologna,Frosinone
31912,Serie_A,2027-05-16 13:00:00,Cagliari,Torino
31913,Serie_A,2027-05-16 13:00:00,Como,Atalanta
31914,Serie_A,2027-05-16 13:00:00,Juventus,Inter
31915,Serie_A,2027-05-16 13:00:00,Lazio,Udinese
31916,Serie_A,2027-05-16 13:00:00,Lecce,Fiorentina
31917,Serie_A,2027-05-16 13:00:00,Monza,Parma Calcio 1913
31918,Serie_A,2027-05-16 13:00:00,Napoli,Genoa
31919,Serie_A,2027-05-16 13:00:00,Sassuolo,Venezia
31920,Serie_A,2027-05-23 13:00:00,Roma,Como
31921,Serie_A,2027-05-23 13:00:00,Atalanta,Lecce
31922,Serie_A,2027-05-23 13:00:00,Fiorentina,Monza
31923,Serie_A,2027-05-23 13:00:00,Frosinone,Cagliari
31924,Serie_A,2027-05-23 13:00:00,Genoa,Bologna
31925,Serie_A,2027-05-23 13:00:00,Inter,Lazio
31926,Serie_A,2027-05-23 13:00:00,Parma Calcio 1913,Juventus
31927,Serie_A,2027-05-23 13:00:00,Torino,Napoli
31928,Serie_A,2027-05-23 13:00:00,Udinese,Sassuolo
31929,Serie_A,2027-05-23 13:00:00,Venezia,AC Milan
31930,Serie_A,2027-05-30 13:00:00,AC Milan,Udinese
31931,Serie_A,2027-05-30 13:00:00,Bologna,Parma Calcio 1913
31932,Serie_A,2027-05-30 13:00:00,Cagliari,Roma
31933,Serie_A,2027-05-30 13:00:00,Monza,Torino
31934,Serie_A,2027-05-30 13:00:00,Napoli,Atalanta
31935,Serie_A,2027-05-30 13:00:00,Sassuolo,Inter
31936,Serie_A,2027-05-30 13:00:00,Lazio,Fiorentina
31937,Serie_A,2027-05-30 13:00:00,Lecce,Venezia
31938,Serie_A,2027-05-30 13:00:00,Juventus,Frosinone
31939,Serie_A,2027-05-30 13:00:00,Como,Genoa
32279,Bundesliga,2026-10-10 13:30:00,Mainz 05,Bayer Leverkusen
32280,Bundesliga,2026-10-10 13:30:00,Paderborn,VfB Stuttgart
32281,Bundesliga,2026-10-10 13:30:00,RasenBallsport Leipzig,Eintracht Frankfurt
32282,Bundesliga,2026-10-10 13:30:00,Augsburg,Bayern Munich
32283,Bundesliga,2026-10-10 13:30:00,Borussia Dortmund,Werder Bremen
32284,Bundesliga,2026-10-10 13:30:00,FC Cologne,Borussia M.Gladbach
32285,Bundesliga,2026-10-10 13:30:00,Freiburg,Schalke 04
32286,Bundesliga,2026-10-10 13:30:00,Hoffenheim,Hamburger SV
32762,Bundesliga,2026-10-10 13:30:00,Union Berlin,Elversberg
32287,Bundesliga,2026-10-17 13:30:00,Bayer Leverkusen,Freiburg
32288,Bundesliga,2026-10-17 13:30:00,Bayern Munich,RasenBallsport Leipzig
32289,Bundesliga,2026-10-17 13:30:00,Borussia M.Gladbach,Hoffenheim
32290,Bundesliga,2026-10-17 13:30:00,Eintracht Frankfurt,FC Cologne
32291,Bundesliga,2026-10-17 13:30:00,Hamburger SV,VfB Stuttgart
32292,Bundesliga,2026-10-17 13:30:00,Schalke 04,Mainz 05
32293,Bundesliga,2026-10-17 13:30:00,Union Berlin,Borussia Dortmund
32294,Bundesliga,2026-10-17 13:30:00,Werder Bremen,Paderborn
32763,Bundesliga,2026-10-17 13:30:00,Elversberg,Augsburg
32295,Bundesliga,2026-10-24 13:30:00,Augsburg,Union Berlin
32296,Bundesliga,2026-10-24 13:30:00,Borussia Dortmund,Eintracht Frankfurt
32297,Bundesliga,2026-10-24 13:30:00,FC Cologne,Schalke 04
32298,Bundesliga,2026-10-24 13:30:00,Freiburg,Bayern Munich
32299,Bundesliga,2026-10-24 13:30:00,Hoffenheim,Bayer Leverkusen
32300,Bundesliga,2026-10-24 13:30:00,Mainz 05,Werder Bremen
32301,Bundesliga,2026-10-24 13:30:00,Paderborn,Hamburger SV
32302,Bundesliga,2026-10-24 13:30:00,VfB Stuttgart,Borussia M.Gladbach
32764,Bundesliga,2026-10-24 13:30:00,RasenBallsport Leipzig,Elversberg
32303,Bundesliga,2026-10-31 14:30:00,Augsburg,Freiburg
32304,Bundesliga,2026-10-31 14:30:00,Schalke 04,RasenBallsport Leipzig
32305,Bundesliga,2026-10-31 14:30:00,Union Berlin,FC Cologne
32306,Bundesliga,2026-10-31 14:30:00,Werder Bremen,Hoffenheim
32307,Bundesliga,2026-10-31 14:30:00,Borussia M.Gladbach,Paderborn
32308,Bundesliga,2026-10-31 14:30:00,Eintracht Frankfurt,Hamburger SV
32309,Bundesliga,2026-10-31 14:30:00,Bayern Munich,Borussia Dortmund
32310,Bundesliga,2026-10-31 14:30:00,Bayer Leverkusen,VfB Stuttgart
32765,Bundesliga,2026-10-31 14:30:00,Elversberg,Mainz 05
32311,Bundesliga,2026-11-07 14:30:00,FC Cologne,Bayer Leverkusen
32312,Bundesliga,2026-11-07 14:30:00,Freiburg,Union Berlin
32313,Bundesliga,2026-11-07 14:30:00,Hamburger SV,Borussia M.Gladbach
32314,Bundesliga,2026-11-07 14:30:00,Hoffenheim,Schalke 04
32315,Bundesliga,2026-11-07 14:30:00,Mainz 05,Bayern Munich
32316,Bundesliga,2026-11-07 14:30:00,Paderborn,Eintracht Frankfurt
32317,Bundesliga,2026-11-07 14:30:00,RasenBallsport Leipzig,Augsburg
32318,Bundesliga,2026-11-07 14:30:00,VfB Stuttgart,Werder Bremen
32766,Bundesliga,2026-11-07 14:30:00,Borussia Dortmund,Elversberg
32319,Bundesliga,2026-11-21 14:30:00,Augsburg,Mainz 05
32320,Bundesliga,2026-11-21 14:30:00,Bayer Leverkusen,Paderborn
32321,Bundesliga,2026-11-21 14:30:00,Bayern Munich,FC Cologne
32322,Bundesliga,2026-11-21 14:30:00,Borussia M.Gladbach,Borussia Dortmund
32323,Bundesliga,2026-11-21 14:30:00,Eintracht Frankfurt,Hoffenheim
32324,Bundesliga,2026-11-21 14:30:00,Schalke 04,VfB Stuttgart
32325,Bundesliga,2026-11-21 14:30:00,Union Berlin,RasenBallsport Leipzig
32326,Bundesliga,2026-11-21 14:30:00,Werder Bremen,Hamburger SV
32767,Bundesliga,2026-11-21 14:30:00,Elversberg,Freiburg
32327,Bundesliga,2026-11-28 14:30:00,Borussia Dortmund,Bayer Leverkusen
32328,Bundesliga,2026-11-28 14:30:00,Freiburg,RasenBallsport Leipzig
32329,Bundesliga,2026-11-28 14:30:00,Hamburger SV,Bayern Munich
32330,Bundesliga,2026-11-28 14:30:00,Hoffenheim,Augsburg
32331,Bundesliga,2026-11-28 14:30:00,Mainz 05,Union Berlin
32332,Bundesliga,2026-11-28 14:30:00,Paderborn,Schalke 04
32333,Bundesliga,2026-11-28 14:30:00,VfB Stuttgart,Eintracht Frankfurt
32334,Bundesliga,2026-11-28 14:30:00,Werder Bremen,Borussia M.Gladbach
32768,Bundesliga,2026-11-28 14:30:00,FC Cologne,Elversberg
32335,Bundesliga,2026-12-05 14:30:00,Bayer Leverkusen,Borussia M.Gladbach
32336,Bundesliga,2026-12-05 14:30:00,Bayern Munich,Paderborn
32337,Bundesliga,2026-12-05 14:30:00,Eintracht Frankfurt,Werder Bremen
32338,Bundesliga,2026-12-05 14:30:00,Freiburg,Hoffenheim
32339,Bundesliga,2026-12-05 14:30:00,RasenBallsport Leipzig,Mainz 05
32340,Bundesliga,2026-12-05 14:30:00,Schalke 04,Borussia Dortmund
32341,Bundesliga,2026-12-05 14:30:00,Union Berlin,Hamburger SV
32342,Bundesliga,2026-12-05 14:30:00,Augsburg,FC Cologne
32769,Bundesliga,2026-12-05 14:30:00,Elversberg,VfB Stuttgart
32343,Bundesliga,2026-12-12 14:30:00,Borussia M.Gladbach,Eintracht Frankfurt
32344,Bundesliga,2026-12-12 14:30:00,Borussia Dortmund,Augsburg
32345,Bundesliga,2026-12-12 14:30:00,FC Cologne,RasenBallsport Leipzig
32346,Bundesliga,2026-12-12 14:30:00,Hamburger SV,Schalke 04
32347,Bundesliga,2026-12-12 14:30:00,Hoffenheim,Bayern Munich
32348,Bundesliga,2026-12-12 14:30:00,Mainz 05,Freiburg
32349,Bundesliga,2026-12-12 14:30:00,VfB Stuttgart,Union Berlin
32350,Bundesliga,2026-12-12 14:30:00,Werder Bremen,Bayer Leverkusen
32770,Bundesliga,2026-12-12 14:30:00,Paderborn,Elversberg
32351,Bundesliga,2026-12-19 14:30:00,Augsburg,Paderborn
32352,Bundesliga,2026-12-19 14:30:00,Bayer Leverkusen,Eintracht Frankfurt
32353,Bundesliga,2026-12-19 14:30:00,Bayern Munich,Werder Bremen
32354,Bundesliga,2026-12-19 14:30:00,Freiburg,VfB Stuttgart
32355,Bundesliga,2026-12-19 14:30:00,Mainz 05,FC Cologne
32356,Bundesliga,2026-12-19 14:30:00,RasenBallsport Leipzig,Borussia Dortmund
32357,Bundesliga,2026-12-19 14:30:00,Schalke 04,Borussia M.Gladbach
32358,Bundesliga,2026-12-19 14:30:00,Union Berlin,Hoffenheim
32771,Bundesliga,2026-12-19 14:30:00,Elversberg,Hamburger SV
32359,Bundesliga,2027-01-09 14:30:00,FC Cologne,Freiburg
32360,Bundesliga,2027-01-09 14:30:00,Hamburger SV,Bayer Leverkusen
32361,Bundesliga,2027-01-09 14:30:00,Paderborn,RasenBallsport Leipzig
32362,Bundesliga,2027-01-09 14:30:00,VfB Stuttgart,Augsburg
32363,Bundesliga,2027-01-09 14:30:00,Werder Bremen,Union Berlin
32364,Bundesliga,2027-01-09 14:30:00,Borussia M.Gladbach,Bayern Munich
32365,Bundesliga,2027-01-09 14:30:00,Borussia Dortmund,Mainz 05
32366,Bundesliga,2027-01-09 14:30:00,Eintracht Frankfurt,Schalke 04
32772,Bundesliga,2027-01-09 14:30:00,Hoffenheim,Elversberg
32367,Bundesliga,2027-01-13 14:30:00,Augsburg,Borussia M.Gladbach
32368,Bundesliga,2027-01-13 14:30:00,Bayern Munich,Bayer Leverkusen
32369,Bundesliga,2027-01-13 14:30:00,FC Cologne,Borussia Dortmund
32370,Bundesliga,2027-01-13 14:30:00,Freiburg,Hamburger SV
32371,Bundesliga,2027-01-13 14:30:00,Mainz 05,Hoffenheim
32372,Bundesliga,2027-01-13 14:30:00,RasenBallsport Leipzig,VfB Stuttgart
32373,Bundesliga,2027-01-13 14:30:00,Schalke 04,Werder Bremen
32374,Bundesliga,2027-01-13 14:30:00,Union Berlin,Paderborn
32773,Bundesliga,2027-01-13 14:30:00,Elversberg,Eintracht Frankfurt
32375,Bundesliga,2027-01-16 14:30:00,Bayer Leverkusen,Schalke 04
32376,Bundesliga,2027-01-16 14:30:00,Borussia M.Gladbach,Union Berlin
32377,Bundesliga,2027-01-16 14:30:00,Borussia Dortmund,Freiburg
32378,Bundesliga,2027-01-16 14:30:00,Eintracht Frankfurt,Bayern Munich
32379,Bundesliga,2027-01-16 14:30:00,Hamburger SV,Augsburg
32380,Bundesliga,2027-01-16 14:30:00,Hoffenheim,RasenBallsport Leipzig
32381,Bundesliga,2027-01-16 14:30:00,Paderborn,FC Cologne
32382,Bundesliga,2027-01-16 14:30:00,VfB Stuttgart,Mainz 05
32774,Bundesliga,2027-01-16 14:30:00,Werder Bremen,Elversberg
32383,Bundesliga,2027-01-23 14:30:00,Werder Bremen,Freiburg
32384,Bundesliga,2027-01-23 14:30:00,VfB Stuttgart,Bayern Munich
32385,Bundesliga,2027-01-23 14:30:00,Hamburger SV,Borussia Dortmund
32386,Bundesliga,2027-01-23 14:30:00,Hoffenheim,FC Cologne
32387,Bundesliga,2027-01-23 14:30:00,Paderborn,Mainz 05
32388,Bundesliga,2027-01-23 14:30:00,Schalke 04,Augsburg
32389,Bundesliga,2027-01-23 14:30:00,Eintracht Frankfurt,Union Berlin
32390,Bundesliga,2027-01-23 14:30:00,Borussia M.Gladbach,RasenBallsport Leipzig
32775,Bundesliga,2027-01-23 14:30:00,Bayer Leverkusen,Elversberg
32391,Bundesliga,2027-01-30 14:30:00,Borussia Dortmund,Hoffenheim
32392,Bundesliga,2027-01-30 14:30:00,FC Cologne,VfB Stuttgart
32393,Bundesliga,2027-01-30 14:30:00,Union Berlin,Bayer Leverkusen
32394,Bundesliga,2027-01-30 14:30:00,Mainz 05,Hamburger SV
32395,Bundesliga,2027-01-30 14:30:00,RasenBallsport Leipzig,Werder Bremen
32396,Bundesliga,2027-01-30 14:30:00,Freiburg,Paderborn
32397,Bundesliga,2027-01-30 14:30:00,Augsburg,Eintracht Frankfurt
32398,Bundesliga,2027-01-30 14:30:00,Bayern Munich,Schalke 04
32776,Bundesliga,2027-01-30 14:30:00,Elversberg,Borussia M.Gladbach
32399,Bundesliga,2027-02-06 14:30:00,Bayer Leverkusen,Augsburg
32400,Bundesliga,2027-02-06 14:30:00,Borussia M.Gladbach,Freiburg
32401,Bundesliga,2027-02-06 14:30:00,Eintracht Frankfurt,Mainz 05
32402,Bundesliga,2027-02-06 14:30:00,Schalke 04,Union Berlin
32403,Bundesliga,2027-02-06 14:30:00,VfB Stuttgart,Hoffenheim
32404,Bundesliga,2027-02-06 14:30:00,Werder Bremen,FC Cologne
32405,Bundesliga,2027-02-06 14:30:00,Hamburger SV,RasenBallsport Leipzig
32406,Bundesliga,2027-02-06 14:30:00,Paderborn,Borussia Dortmund
32777,Bundesliga,2027-02-06 14:30:00,Bayern Munich,Elversberg
32407,Bundesliga,2027-02-13 14:30:00,Augsburg,Werder Bremen
32408,Bundesliga,2027-02-13 14:30:00,Borussia Dortmund,VfB Stuttgart
32409,Bundesliga,2027-02-13 14:30:00,FC Cologne,Hamburger SV
32410,Bundesliga,2027-02-13 14:30:00,Freiburg,Eintracht Frankfurt
32411,Bundesliga,2027-02-13 14:30:00,Hoffenheim,Paderborn
32412,Bundesliga,2027-02-13 14:30:00,Mainz 05,Borussia M.Gladbach
32413,Bundesliga,2027-02-13 14:30:00,RasenBallsport Leipzig,Bayer Leverkusen
32414,Bundesliga,2027-02-13 14:30:00,Union Berlin,Bayern Munich
32778,Bundesliga,2027-02-13 14:30:00,Elversberg,Schalke 04
32415,Bundesliga,2027-02-20 14:30:00,Bayer Leverkusen,Mainz 05
32416,Bundesliga,2027-02-20 14:30:00,Bayern Munich,Augsburg
32417,Bundesliga,2027-02-20 14:30:00,Borussia M.Gladbach,FC Cologne
32418,Bundesliga,2027-02-20 14:30:00,Eintracht Frankfurt,RasenBallsport Leipzig
32419,Bundesliga,2027-02-20 14:30:00,Hamburger SV,Hoffenheim
32420,Bundesliga,2027-02-20 14:30:00,Schalke 04,Freiburg
32421,Bundesliga,2027-02-20 14:30:00,VfB Stuttgart,Paderborn
32422,Bundesliga,2027-02-20 14:30:00,Werder Bremen,Borussia Dortmund
32779,Bundesliga,2027-02-20 14:30:00,Elversberg,Union Berlin
32423,Bundesliga,2027-02-27 14:30:00,Paderborn,Werder Bremen
32424,Bundesliga,2027-02-27 14:30:00,Mainz 05,Schalke 04
32425,Bundesliga,2027-02-27 14:30:00,Freiburg,Bayer Leverkusen
32426,Bundesliga,2027-02-27 14:30:00,Hoffenheim,Borussia M.Gladbach
32427,Bundesliga,2027-02-27 14:30:00,Borussia Dortmund,Union Berlin
32428,Bundesliga,2027-02-27 14:30:00,FC Cologne,Eintracht Frankfurt
32429,Bundesliga,2027-02-27 14:30:00,VfB Stuttgart,Hamburger SV
32430,Bundesliga,2027-02-27 14:30:00,RasenBallsport Leipzig,Bayern Munich
32780,Bundesliga,2027-02-27 14:30:00,Augsburg,Elversberg
32431,Bundesliga,2027-03-03 14:30:00,Bayer Leverkusen,Hoffenheim
32432,Bundesliga,2027-03-03 14:30:00,Bayern Munich,Freiburg
32433,Bundesliga,2027-03-03 14:30:00,Borussia M.Gladbach,VfB Stuttgart
32434,Bundesliga,2027-03-03 14:30:00,Eintracht Frankfurt,Borussia Dortmund
32435,Bundesliga,2027-03-03 14:30:00,Hamburger SV,Paderborn
32436,Bundesliga,2027-03-03 14:30:00,Schalke 04,FC Cologne
32437,Bundesliga,2027-03-03 14:30:00,Union Berlin,Augsburg
32438,Bundesliga,2027-03-03 14:30:00,Werder Bremen,Mainz 05
32781,Bundesliga,2027-03-03 14:30:00,Elversberg,RasenBallsport Leipzig
32439,Bundesliga,2027-03-06 14:30:00,Borussia Dortmund,Bayern Munich
32440,Bundesliga,2027-03-06 14:30:00,FC Cologne,Union Berlin
32441,Bundesliga,2027-03-06 14:30:00,Freiburg,Augsburg
32442,Bundesliga,2027-03-06 14:30:00,Hamburger SV,Eintracht Frankfurt
32443,Bundesliga,2027-03-06 14:30:00,Hoffenheim,Werder Bremen
32444,Bundesliga,2027-03-06 14:30:00,Paderborn,Borussia M.Gladbach
32445,Bundesliga,2027-03-06 14:30:00,RasenBallsport Leipzig,Schalke 04
32446,Bundesliga,2027-03-06 14:30:00,VfB Stuttgart,Bayer Leverkusen
32782,Bundesliga,2027-03-06 14:30:00,Mainz 05,Elversberg
32447,Bundesliga,2027-03-13 14:30:00,Augsburg,RasenBallsport Leipzig
32448,Bundesliga,2027-03-13 14:30:00,Bayer Leverkusen,FC Cologne
32449,Bundesliga,2027-03-13 14:30:00,Bayern Munich,Mainz 05
32450,Bundesliga,2027-03-13 14:30:00,Borussia M.Gladbach,Hamburger SV
32451,Bundesliga,2027-03-13 14:30:00,Eintracht Frankfurt,Paderborn
32452,Bundesliga,2027-03-13 14:30:00,Schalke 04,Hoffenheim
32453,Bundesliga,2027-03-13 14:30:00,Union Berlin,Freiburg
32454,Bundesliga,2027-03-13 14:30:00,Werder Bremen,VfB Stuttgart
32783,Bundesliga,2027-03-13 14:30:00,Elversberg,Borussia Dortmund
32455,Bundesliga,2027-03-20 14:30:00,Borussia Dortmund,Borussia M.Gladbach
32456,Bundesliga,2027-03-20 14:30:00,FC Cologne,Bayern Munich
32457,Bundesliga,2027-03-20 14:30:00,Hamburger SV,Werder Bremen
32458,Bundesliga,2027-03-20 14:30:00,Hoffenheim,Eintracht Frankfurt
32459,Bundesliga,2027-03-20 14:30:00,Mainz 05,Augsburg
32460,Bundesliga,2027-03-20 14:30:00,Paderborn,Bayer Leverkusen
32461,Bundesliga,2027-03-20 14:30:00,RasenBallsport Leipzig,Union Berlin
32462,Bundesliga,2027-03-20 14:30:00,VfB Stuttgart,Schalke 04
32784,Bundesliga,2027-03-20 14:30:00,Freiburg,Elversberg
32463,Bundesliga,2027-04-03 13:30:00,Augsburg,Hoffenheim
32464,Bundesliga,2027-04-03 13:30:00,Bayer Leverkusen,Borussia Dortmund
32465,Bundesliga,2027-04-03 13:30:00,Bayern Munich,Hamburger SV
32466,Bundesliga,2027-04-03 13:30:00,Borussia M.Gladbach,Werder Bremen
32467,Bundesliga,2027-04-03 13:30:00,Eintracht Frankfurt,VfB Stuttgart
32468,Bundesliga,2027-04-03 13:30:00,RasenBallsport Leipzig,Freiburg
32469,Bundesliga,2027-04-03 13:30:00,Schalke 04,Paderborn
32470,Bundesliga,2027-04-03 13:30:00,Union Berlin,Mainz 05
32785,Bundesliga,2027-04-03 13:30:00,Elversberg,FC Cologne
32471,Bundesliga,2027-04-10 13:30:00,Borussia M.Gladbach,Bayer Leverkusen
32472,Bundesliga,2027-04-10 13:30:00,Borussia Dortmund,Schalke 04
32473,Bundesliga,2027-04-10 13:30:00,FC Cologne,Augsburg
32474,Bundesliga,2027-04-10 13:30:00,Hamburger SV,Union Berlin
32475,Bundesliga,2027-04-10 13:30:00,Hoffenheim,Freiburg
32476,Bundesliga,2027-04-10 13:30:00,Mainz 05,RasenBallsport Leipzig
32477,Bundesliga,2027-04-10 13:30:00,Paderborn,Bayern Munich
32478,Bundesliga,2027-04-10 13:30:00,Werder Bremen,Eintracht Frankfurt
32786,Bundesliga,2027-04-10 13:30:00,VfB Stuttgart,Elversberg
32479,Bundesliga,2027-04-17 13:30:00,Augsburg,Borussia Dortmund
32480,Bundesliga,2027-04-17 13:30:00,Bayer Leverkusen,Werder Bremen
32481,Bundesliga,2027-04-17 13:30:00,Bayern Munich,Hoffenheim
32482,Bundesliga,2027-04-17 13:30:00,Eintracht Frankfurt,Borussia M.Gladbach
32483,Bundesliga,2027-04-17 13:30:00,Freiburg,Mainz 05
32484,Bundesliga,2027-04-17 13:30:00,RasenBallsport Leipzig,FC Cologne
32485,Bundesliga,2027-04-17 13:30:00,Schalke 04,Hamburger SV
32486,Bundesliga,2027-04-17 13:30:00,Union Berlin,VfB Stuttgart
32787,Bundesliga,2027-04-17 13:30:00,Elversberg,Paderborn
32487,Bundesliga,2027-04-24 13:30:00,Borussia M.Gladbach,Schalke 04
32488,Bundesliga,2027-04-24 13:30:00,Borussia Dortmund,RasenBallsport Leipzig
32489,Bundesliga,2027-04-24 13:30:00,Eintracht Frankfurt,Bayer Leverkusen
32490,Bundesliga,2027-04-24 13:30:00,FC Cologne,Mainz 05
32491,Bundesliga,2027-04-24 13:30:00,Hoffenheim,Union Berlin
32492,Bundesliga,2027-04-24 13:30:00,Paderborn,Augsburg
32493,Bundesliga,2027-04-24 13:30:00,VfB Stuttgart,Freiburg
32494,Bundesliga,2027-04-24 13:30:00,Werder Bremen,Bayern Munich
32788,Bundesliga,2027-04-24 13:30:00,Hamburger SV,Elversberg
32495,Bundesliga,2027-05-08 13:30:00,Augsburg,VfB Stuttgart
32496,Bundesliga,2027-05-08 13:30:00,Bayer Leverkusen,Hamburger SV
32497,Bundesliga,2027-05-08 13:30:00,Bayern Munich,Borussia M.Gladbach
32498,Bundesliga,2027-05-08 13:30:00,Freiburg,FC Cologne
32499,Bundesliga,2027-05-08 13:30:00,Mainz 05,Borussia Dortmund
32500,Bundesliga,2027-05-08 13:30:00,RasenBallsport Leipzig,Paderborn
32501,Bundesliga,2027-05-08 13:30:00,Schalke 04,Eintracht Frankfurt
32502,Bundesliga,2027-05-08 13:30:00,Union Berlin,Werder Bremen
32789,Bundesliga,2027-05-08 13:30:00,Elversberg,Hoffenheim
32503,Bundesliga,2027-05-15 13:30:00,Bayer Leverkusen,Bayern Munich
32504,Bundesliga,2027-05-15 13:30:00,Borussia M.Gladbach,Augsburg
32505,Bundesliga,2027-05-15 13:30:00,Borussia Dortmund,FC Cologne
32506,Bundesliga,2027-05-15 13:30:00,Hamburger SV,Freiburg
32507,Bundesliga,2027-05-15 13:30:00,Hoffenheim,Mainz 05
32508,Bundesliga,2027-05-15 13:30:00,Paderborn,Union Berlin
32509,Bundesliga,2027-05-15 13:30:00,VfB Stuttgart,RasenBallsport Leipzig
32510,Bundesliga,2027-05-15 13:30:00,Werder Bremen,Schalke 04
32790,Bundesliga,2027-05-15 13:30:00,Eintracht Frankfurt,Elversberg
32511,Bundesliga,2027-05-22 13:30:00,Augsburg,Hamburger SV
32512,Bundesliga,2027-05-22 13:30:00,Bayern Munich,Eintracht Frankfurt
32513,Bundesliga,2027-05-22 13:30:00,FC Cologne,Paderborn
32514,Bundesliga,2027-05-22 13:30:00,Freiburg,Borussia Dortmund
32515,Bundesliga,2027-05-22 13:30:00,Mainz 05,VfB Stuttgart
32516,Bundesliga,2027-05-22 13:30:00,RasenBallsport Leipzig,Hoffenheim
32517,Bundesliga,2027-05-22 13:30:00,Schalke 04,Bayer Leverkusen
32518,Bundesliga,2027-05-22 13:30:00,Union Berlin,Borussia M.Gladbach
32791,Bundesliga,2027-05-22 13:30:00,Elversberg,Werder Bremen
